
                           Design Compiler Graphical 
                                 DC Ultra (TM)
                                  DFTMAX (TM)
                              Power Compiler (TM)
                                 DesignWare (R)
                                 DC Expert (TM)
                               Design Vision (TM)
                               HDL Compiler (TM)
                               VHDL Compiler (TM)
                                  DFT Compiler
                               Design Compiler(R)

                 Version Y-2026.03 for linux64 - Feb 24, 2026 

                    Copyright (c) 1988 - 2026 Synopsys, Inc.
   This software and the associated documentation are proprietary to Synopsys,
      Inc.  This software may only be used in accordance with the terms and
  conditions of a written license agreement with Synopsys, Inc.  All other use,
   reproduction, or distribution of this software is strictly prohibited.  By
   installing, accessing, using, or executing this software, you agree that it
  will reside on, operate within, and have access to the computers and networks
    where such software is used ("Host System"), and that Synopsys may access
     components and data of the Host System as necessary for it to function
 properly, to authenticate and validate license keys, to verify that it is used
 only in conformity with the applicable license restrictions, and to communicate
                 error messages and associated data to Synopsys.

Initializing...
Current time:       Tue May 19 23:29:26 2026
Hostname:           dcs-cpu01.dcs.lab
CPU Model:          Intel(R) Xeon(R) Platinum 8358P CPU @ 2.60GHz
CPU Details:        Cores = 1 : Sockets = 1 : Cache Size = 49152 KB : Freq = 3.40 GHz
OS:                 Linux 4.18.0-553.123.1.el8_10.x86_64
RAM:                502 GB (Free 352 GB)
Swap:                 3 GB (Free   3 GB)
Work Filesystem:    /home mounted to dcs-storage:/home
Tmp Filesystem:     / mounted to /dev/mapper/rl-root
Work Disk:          111153 GB (Free 98842 GB)
Tmp Disk:            69 GB (Free  50 GB)

CPU Load: 66%, Ram Free: 352 GB, Swap Free: 3 GB, Work Disk Free: 98842 GB, Tmp Disk Free: 50 GB
# Read Design
set DESIGN "CHIP"
CHIP
analyze -format sverilog "flist.sv"
Running PRESTO HDLC
Compiling source file ./flist.sv
Opening include file ../01_RTL/CHIP.sv
Opening include file ../01_RTL/CTRL/controller.sv
Opening include file ../01_RTL/MEM/memory.sv
Opening include file ../01_RTL/LSU/syndrome.sv
Opening include file ../01_RTL/LSU/syndrome_rotate_add.sv
Opening include file ../01_RTL/LSU/syndrome_pow.sv
Opening include file ../01_RTL/NSU/nsu_top.v
Opening include file ../01_RTL/NSU/horner_a5.v
Opening include file ../01_RTL/NSU/horner_a7.v
Opening include file ../01_RTL/NSU/horner_a9.v
Opening include file ../01_RTL/NSU/horner_a11.v
Opening include file ../01_RTL/NSU/HSU_top.v
Opening include file ../01_RTL/HSU/Ainv.sv
Opening include file ../01_RTL/HSU/gf_mul.sv
Opening include file ../01_RTL/KES/BM.sv
Opening include file ../01_RTL/KES/BM_PE0.sv
Opening include file ../01_RTL/KES/BM_PE1.sv
Opening include file ../01_RTL/KES/gf_mul.sv
Warning:  ../01_RTL/KES/gf_mul.sv:1: Overwriting existing design element 'gf_mul' with newer version. (VER-64)
Warning:  ../01_RTL/KES/gf_mul.sv:22: Overwriting existing design element 'binary_mul' with newer version. (VER-64)
Warning:  ../01_RTL/KES/gf_mul.sv:44: Overwriting existing design element 'reduction_table' with newer version. (VER-64)
Opening include file ../01_RTL/NKES/NKES.sv
Opening include file ../01_RTL/NKES/state_buff.sv
Opening include file ../01_RTL/NKES/NKES_PE0.sv
Opening include file ../01_RTL/NKES/NKES_PE1.sv
Opening include file ../01_RTL/CS/chien_search.sv
Opening include file ../01_RTL/CS/chien_checker.sv
Opening include file ../01_RTL/CS/chien_rotate.sv
Opening include file ../01_RTL/CS/sigmaV.sv
Presto compilation completed successfully.
Loading db file '/home/justin.yi/ICDLAB/ICDLAB_Final_Project/02_SYN/fsa0m_a_generic_core_tt1p8v25c.db'
Loading db file '/home/justin.yi/ICDLAB/ICDLAB_Final_Project/02_SYN/fsa0m_a_generic_core_ss1p62v125c.db'
Loading db file '/home/justin.yi/ICDLAB/ICDLAB_Final_Project/02_SYN/fsa0m_a_generic_core_ff1p98vm40c.db'
Loading db file '/home/justin.yi/ICDLAB/ICDLAB_Final_Project/02_SYN/fsa0m_a_t33_generic_io_tt1p8v25c.db'
Loading db file '/home/justin.yi/ICDLAB/ICDLAB_Final_Project/02_SYN/fsa0m_a_t33_generic_io_ss1p62v125c.db'
Loading db file '/home/justin.yi/ICDLAB/ICDLAB_Final_Project/02_SYN/fsa0m_a_t33_generic_io_ff1p98vm40c.db'
1
elaborate $DESIGN
Loading db file '/usr/cad/synopsys/synthesis/cur/libraries/syn/gtech.db'
Loading db file '/usr/cad/synopsys/synthesis/cur/libraries/syn/standard.sldb'
  Loading link library 'fsa0m_a_generic_core_tt1p8v25c'
  Loading link library 'fsa0m_a_generic_core_ss1p62v125c'
  Loading link library 'fsa0m_a_generic_core_ff1p98vm40c'
  Loading link library 'fsa0m_a_t33_generic_io_tt1p8v25c'
  Loading link library 'fsa0m_a_t33_generic_io_ss1p62v125c'
  Loading link library 'fsa0m_a_t33_generic_io_ff1p98vm40c'
  Loading link library 'gtech'
Running PRESTO HDLC
Presto compilation completed successfully. (CHIP)
Module: CHIP, Ports: 21, Input: 11, Output: 10, Inout: 0
Module: CHIP, Registers: 0, Async set/reset: 0, Sync set/reset: 0
Information: Module CHIP report end. (ELAB-965)
Elaborated 1 design.
Current design is now 'CHIP'.
Information: Building the design 'controller'. (HDL-193)
Warning:  ../01_RTL/CTRL/controller.sv:62: signed to unsigned assignment occurs. (VER-318)
Warning:  ../01_RTL/CTRL/controller.sv:64: signed to unsigned assignment occurs. (VER-318)
Warning:  ../01_RTL/CTRL/controller.sv:66: signed to unsigned assignment occurs. (VER-318)
Warning:  ../01_RTL/CTRL/controller.sv:69: signed to unsigned assignment occurs. (VER-318)
Warning:  ../01_RTL/CTRL/controller.sv:92: signed to unsigned assignment occurs. (VER-318)

Statistics for case statements in always block in file
	'../01_RTL/CTRL/controller.sv'
============================================================
|    Line    |  full/ parallel  |      block location      |
============================================================
|    113     |    auto/auto     | always block at line 112 |
============================================================

Inferred memory devices in process in routine 'controller' in file
	 ../01_RTL/CTRL/controller.sv'.
==================================================================================
|    Register Name    |   Type    | Width | Bus | MB |  Set  | Reset | ST | Line |
==================================================================================
|        b_reg        | Flip-flop |   1   |  N  | N  | None  | Async | N  | 136  |
|      icnt_reg       | Flip-flop |   6   |  Y  | N  | None  | Async | N  | 136  |
|      ocnt_reg       | Flip-flop |   6   |  Y  | N  | None  | Async | N  | 136  |
|      ccnt_reg       | Flip-flop |   3   |  Y  | N  | None  | Async | N  | 136  |
|      ncnt_reg       | Flip-flop |   1   |  N  | N  | None  | Async | N  | 136  |
|     nstate_reg      | Flip-flop |   3   |  Y  | N  | None  | Async | N  | 136  |
|      npos_reg       | Flip-flop |   2   |  Y  | N  | None  | Async | N  | 136  |
|     err_num_reg     | Flip-flop |   2   |  Y  | N  | None  | Async | N  | 136  |
==================================================================================
Presto compilation completed successfully. (controller)
Module: controller, Ports: 41, Input: 13, Output: 28, Inout: 0
Module: controller, Registers: 24, Async set/reset: 24, Sync set/reset: 0
Information: Module controller report end. (ELAB-965)
Information: Building the design 'memory'. (HDL-193)
Warning:  ../01_RTL/MEM/memory.sv:55: signed to unsigned conversion occurs. (VER-318)
Warning:  ../01_RTL/MEM/memory.sv:56: signed to unsigned conversion occurs. (VER-318)
Warning:  ../01_RTL/MEM/memory.sv:60: signed to unsigned conversion occurs. (VER-318)
Warning:  ../01_RTL/MEM/memory.sv:61: signed to unsigned conversion occurs. (VER-318)
Warning:  ../01_RTL/MEM/memory.sv:70: signed to unsigned conversion occurs. (VER-318)
Warning:  ../01_RTL/MEM/memory.sv:71: signed to unsigned conversion occurs. (VER-318)
Warning:  ../01_RTL/MEM/memory.sv:72: signed to unsigned conversion occurs. (VER-318)
Warning:  ../01_RTL/MEM/memory.sv:80: signed to unsigned conversion occurs. (VER-318)

Inferred memory devices in process in routine 'memory' in file
	 ../01_RTL/MEM/memory.sv'.
==================================================================================
|    Register Name    |   Type    | Width | Bus | MB |  Set  | Reset | ST | Line |
==================================================================================
|      done_reg       | Flip-flop |   8   |  Y  | N  | None  | Async | N  |  89  |
|       syn_reg       | Flip-flop |  24   |  Y  | N  | None  | Async | N  |  89  |
|      data_reg       | Flip-flop |  512  |  Y  | N  | None  | Async | N  |  89  |
==================================================================================
Statistics for MUX_OPs
======================================================
| block name/line  | Inputs | Outputs | # sel inputs |
======================================================
|    memory/37     |   4    |   64    |      2       |
|    memory/38     |   4    |    1    |      2       |
======================================================
Presto compilation completed successfully. (memory)
Module: memory, Ports: 395, Input: 106, Output: 289, Inout: 0
Module: memory, Registers: 544, Async set/reset: 544, Sync set/reset: 0
Information: Module memory report end. (ELAB-965)
Information: Building the design 'syndrome'. (HDL-193)

Inferred memory devices in process in routine 'syndrome' in file
	 ../01_RTL/LSU/syndrome.sv'.
==================================================================================
|    Register Name    |   Type    | Width | Bus | MB |  Set  | Reset | ST | Line |
==================================================================================
|       syn_reg       | Flip-flop |  12   |  Y  | N  | None  | Async | N  |  51  |
|      sdone_reg      | Flip-flop |   1   |  N  | N  | None  | Async | N  |  51  |
==================================================================================
Presto compilation completed successfully. (syndrome)
Module: syndrome, Ports: 39, Input: 14, Output: 25, Inout: 0
Module: syndrome, Registers: 13, Async set/reset: 13, Sync set/reset: 0
Information: Module syndrome report end. (ELAB-965)
Information: Building the design 'BM'. (HDL-193)
Presto compilation completed successfully. (BM)
Module: BM, Ports: 96, Input: 27, Output: 69, Inout: 0
Module: BM, Registers: 0, Async set/reset: 0, Sync set/reset: 0
Information: Module BM report end. (ELAB-965)
Information: Building the design 'NKES'. (HDL-193)

Inferred memory devices in process in routine 'NKES' in file
	 ../01_RTL/NKES/NKES.sv'.
==================================================================================
|    Register Name    |   Type    | Width | Bus | MB |  Set  | Reset | ST | Line |
==================================================================================
|   branch_time_reg   | Flip-flop |   1   |  N  | N  | None  | Async | N  |  52  |
|   gamma_time_reg    | Flip-flop |   6   |  Y  | N  | None  | Async | N  |  52  |
|    dis_time_reg     | Flip-flop |   6   |  Y  | N  | None  | Async | N  |  52  |
==================================================================================
Presto compilation completed successfully. (NKES)
Module: NKES, Ports: 129, Input: 86, Output: 43, Inout: 0
Module: NKES, Registers: 13, Async set/reset: 13, Sync set/reset: 0
Information: Module NKES report end. (ELAB-965)
Warning: Width mismatch on port 'syn_rdy' of reference to 'NKES' in 'CHIP'. (LINK-27)
Mismatch resolved by truncating leftmost bits of connected value in upper design.
Information: Building the design 'chien_search'. (HDL-193)
Warning:  ../01_RTL/CS/chien_search.sv:32: signed to unsigned assignment occurs. (VER-318)
Warning:  ../01_RTL/CS/chien_search.sv:33: signed to unsigned assignment occurs. (VER-318)

Inferred memory devices in process in routine 'chien_search' in file
	 ../01_RTL/CS/chien_search.sv'.
==================================================================================
|    Register Name    |   Type    | Width | Bus | MB |  Set  | Reset | ST | Line |
==================================================================================
|    sigma_rec_reg    | Flip-flop |  42   |  Y  | N  | None  | Async | N  |  96  |
|       cnt_reg       | Flip-flop |   1   |  N  | N  | None  | Async | N  |  96  |
|      zeros_reg      | Flip-flop |  32   |  Y  | N  | None  | Async | N  |  96  |
|     degree_reg      | Flip-flop |   3   |  Y  | N  | None  | Async | N  |  96  |
==================================================================================
Presto compilation completed successfully. (chien_search)
Module: chien_search, Ports: 113, Input: 45, Output: 68, Inout: 0
Module: chien_search, Registers: 78, Async set/reset: 78, Sync set/reset: 0
Information: Module chien_search report end. (ELAB-965)
Information: Building the design 'HSU_top'. (HDL-193)

Inferred memory devices in process in routine 'HSU_top' in file
	 ../01_RTL/NSU/HSU_top.v'.
======================================================================================
|      Register Name      |   Type    | Width | Bus | MB |  Set  | Reset | ST | Line |
======================================================================================
|  Syndrome_8_i1_reg_reg  | Flip-flop |   6   |  Y  | N  | None  | Async | N  |  51  |
|  Syndrome_6_i0_reg_reg  | Flip-flop |   6   |  Y  | N  | None  | Async | N  |  51  |
|  Syndrome_8_i0_reg_reg  | Flip-flop |   6   |  Y  | N  | None  | Async | N  |  51  |
|  Syndrome_6_i1_reg_reg  | Flip-flop |   6   |  Y  | N  | None  | Async | N  |  51  |
|        b_reg_reg        | Flip-flop |   1   |  N  | N  | None  | Async | N  |  73  |
| undecoded_idx_2_reg_reg | Flip-flop |   2   |  Y  | N  | None  | Async | N  |  95  |
| undecoded_idx_1_reg_reg | Flip-flop |   2   |  Y  | N  | None  | Async | N  |  95  |
|     S_out_3_reg_reg     | Flip-flop |   6   |  Y  | N  | None  | Async | N  | 127  |
|     S_out_0_reg_reg     | Flip-flop |   6   |  Y  | N  | None  | Async | N  | 127  |
|     S_out_1_reg_reg     | Flip-flop |   6   |  Y  | N  | None  | Async | N  | 127  |
|   stage_flag_reg_reg    | Flip-flop |   1   |  N  | N  | None  | Async | N  | 142  |
|       counter_reg       | Flip-flop |   3   |  Y  | N  | None  | Async | N  | 152  |
|     o_HS_2_reg_reg      | Flip-flop |   6   |  Y  | N  | None  | Async | N  | 165  |
|       syn_rdy_reg       | Flip-flop |   1   |  N  | N  | None  | Async | N  | 177  |
|      S_out_ch2_reg      | Flip-flop |   6   |  Y  | N  | None  | Async | N  | 187  |
|      S_out_ch1_reg      | Flip-flop |   6   |  Y  | N  | None  | Async | N  | 187  |
======================================================================================
Warning:  ../01_RTL/NSU/HSU_top.v:81: Netlist for always block is empty. (ELAB-985)
Warning:  ../01_RTL/NSU/HSU_top.v:265: Netlist for always block is empty. (ELAB-985)
Presto compilation completed successfully. (HSU_top)
Module: HSU_top, Ports: 298, Input: 285, Output: 13, Inout: 0
Module: HSU_top, Registers: 70, Async set/reset: 70, Sync set/reset: 0
Information: Module HSU_top report end. (ELAB-965)
Information: Building the design 'syndrome_rotate_add'. (HDL-193)
Presto compilation completed successfully. (syndrome_rotate_add)
Module: syndrome_rotate_add, Ports: 32, Input: 20, Output: 12, Inout: 0
Module: syndrome_rotate_add, Registers: 0, Async set/reset: 0, Sync set/reset: 0
Information: Module syndrome_rotate_add report end. (ELAB-965)
Information: Building the design 'syndrome_pow'. (HDL-193)
Presto compilation completed successfully. (syndrome_pow)
Module: syndrome_pow, Ports: 36, Input: 12, Output: 24, Inout: 0
Module: syndrome_pow, Registers: 0, Async set/reset: 0, Sync set/reset: 0
Information: Module syndrome_pow report end. (ELAB-965)
Information: Building the design 'BM_control'. (HDL-193)
Warning:  ../01_RTL/KES/BM.sv:132: signed to unsigned conversion occurs. (VER-318)
Warning:  ../01_RTL/KES/BM.sv:137: signed to unsigned assignment occurs. (VER-318)
Warning:  ../01_RTL/KES/BM.sv:144: signed to unsigned conversion occurs. (VER-318)

Statistics for case statements in always block in file
	'../01_RTL/KES/BM.sv'
============================================================
|    Line    |  full/ parallel  |      block location      |
============================================================
|    156     |    auto/user     | always block at line 155 |
============================================================

Inferred memory devices in process in routine 'BM_control' in file
	 ../01_RTL/KES/BM.sv'.
==================================================================================
|    Register Name    |   Type    | Width | Bus | MB |  Set  | Reset | ST | Line |
==================================================================================
|      gamma_reg      | Flip-flop |   6   |  Y  | N  | None  | Async | N  | 164  |
|      state_reg      | Flip-flop |   2   |  Y  | N  | None  | Async | N  | 164  |
|        k_reg        | Flip-flop |   2   |  Y  | N  | None  | Async | N  | 164  |
==================================================================================
Presto compilation completed successfully. (BM_control)
Module: BM_control, Ports: 22, Input: 9, Output: 13, Inout: 0
Module: BM_control, Registers: 10, Async set/reset: 10, Sync set/reset: 0
Information: Module BM_control report end. (ELAB-965)
Information: Building the design 'BM_PE0'. (HDL-193)

Inferred memory devices in process in routine 'BM_PE0' in file
	 ../01_RTL/KES/BM_PE0.sv'.
==================================================================================
|    Register Name    |   Type    | Width | Bus | MB |  Set  | Reset | ST | Line |
==================================================================================
|   sigma_poly_reg    | Flip-flop |   6   |  Y  | N  | None  | Async | N  |  45  |
|     b_poly_reg      | Flip-flop |   6   |  Y  | N  | None  | Async | N  |  45  |
==================================================================================
Presto compilation completed successfully. (BM_PE0)
Module: BM_PE0, Ports: 41, Input: 29, Output: 12, Inout: 0
Module: BM_PE0, Registers: 12, Async set/reset: 12, Sync set/reset: 0
Information: Module BM_PE0 report end. (ELAB-965)
Information: Building the design 'BM_PE1'. (HDL-193)

Inferred memory devices in process in routine 'BM_PE1' in file
	 ../01_RTL/KES/BM_PE1.sv'.
==================================================================================
|    Register Name    |   Type    | Width | Bus | MB |  Set  | Reset | ST | Line |
==================================================================================
|   theta_poly_reg    | Flip-flop |   6   |  Y  | N  | None  | Async | N  |  44  |
|   delta_poly_reg    | Flip-flop |   6   |  Y  | N  | None  | Async | N  |  44  |
==================================================================================
Presto compilation completed successfully. (BM_PE1)
Module: BM_PE1, Ports: 47, Input: 35, Output: 12, Inout: 0
Module: BM_PE1, Registers: 12, Async set/reset: 12, Sync set/reset: 0
Information: Module BM_PE1 report end. (ELAB-965)
Information: Building the design 'precompute_unit'. (HDL-193)
Presto compilation completed successfully. (precompute_unit)
Module: precompute_unit, Ports: 114, Input: 78, Output: 36, Inout: 0
Module: precompute_unit, Registers: 0, Async set/reset: 0, Sync set/reset: 0
Information: Module precompute_unit report end. (ELAB-965)
Information: Building the design 'NKES_ctrl'. (HDL-193)
Warning:  ../01_RTL/NKES/NKES.sv:384: unsigned to signed assignment occurs. (VER-318)
Warning:  ../01_RTL/NKES/NKES.sv:390: signed to unsigned conversion occurs. (VER-318)

Statistics for case statements in always block in file
	'../01_RTL/NKES/NKES.sv'
============================================================
|    Line    |  full/ parallel  |      block location      |
============================================================
|    415     |    auto/auto     | always block at line 414 |
============================================================

Inferred memory devices in process in routine 'NKES_ctrl' in file
	 ../01_RTL/NKES/NKES.sv'.
==================================================================================
|    Register Name    |   Type    | Width | Bus | MB |  Set  | Reset | ST | Line |
==================================================================================
|     k_delay_reg     | Flip-flop |   4   |  Y  | N  | None  | Async | N  | 445  |
|      state_reg      | Flip-flop |   4   |  Y  | N  | None  | Async | N  | 445  |
|      gamma_reg      | Flip-flop |   6   |  Y  | N  | None  | Async | N  | 445  |
|   gamma_delay_reg   | Flip-flop |   6   |  Y  | N  | None  | Async | N  | 445  |
|        k_reg        | Flip-flop |   4   |  Y  | N  | None  | Async | N  | 445  |
==================================================================================
Presto compilation completed successfully. (NKES_ctrl)
Module: NKES_ctrl, Ports: 43, Input: 20, Output: 23, Inout: 0
Module: NKES_ctrl, Registers: 24, Async set/reset: 24, Sync set/reset: 0
Information: Module NKES_ctrl report end. (ELAB-965)
Information: Building the design 'state_buff'. (HDL-193)
Warning:  ../01_RTL/NKES/state_buff.sv:56: signed to unsigned conversion occurs. (VER-318)
Warning:  ../01_RTL/NKES/state_buff.sv:57: signed to unsigned conversion occurs. (VER-318)
Warning:  ../01_RTL/NKES/state_buff.sv:61: signed to unsigned conversion occurs. (VER-318)
Warning:  ../01_RTL/NKES/state_buff.sv:62: signed to unsigned conversion occurs. (VER-318)
Warning:  ../01_RTL/NKES/state_buff.sv:65: signed to unsigned conversion occurs. (VER-318)
Warning:  ../01_RTL/NKES/state_buff.sv:66: signed to unsigned conversion occurs. (VER-318)

Inferred memory devices in process in routine 'state_buff' in file
	 ../01_RTL/NKES/state_buff.sv'.
==================================================================================
|    Register Name    |   Type    | Width | Bus | MB |  Set  | Reset | ST | Line |
==================================================================================
|   delta_buff_reg    | Flip-flop |  24   |  Y  | N  | None  | Async | N  |  88  |
|   gamma_buff_reg    | Flip-flop |  12   |  Y  | N  | None  | Async | N  |  88  |
|   sigma_buff_reg    | Flip-flop |  36   |  Y  | N  | None  | Async | N  |  88  |
|     b_buff_reg      | Flip-flop |  36   |  Y  | N  | None  | Async | N  |  88  |
|     k_buff_reg      | Flip-flop |   4   |  Y  | N  | None  | Async | N  |  88  |
|   theta_buff_reg    | Flip-flop |  24   |  Y  | N  | None  | Async | N  |  88  |
==================================================================================
Presto compilation completed successfully. (state_buff)
Module: state_buff, Ports: 141, Input: 73, Output: 68, Inout: 0
Module: state_buff, Registers: 136, Async set/reset: 136, Sync set/reset: 0
Information: Module state_buff report end. (ELAB-965)
Information: Building the design 'syndrome_buff'. (HDL-193)

Inferred memory devices in process in routine 'syndrome_buff' in file
	 ../01_RTL/NKES/NKES.sv'.
==================================================================================
|    Register Name    |   Type    | Width | Bus | MB |  Set  | Reset | ST | Line |
==================================================================================
|    syn_buff_reg     | Flip-flop |  12   |  Y  | N  | None  | Async | N  | 516  |
==================================================================================
Presto compilation completed successfully. (syndrome_buff)
Module: syndrome_buff, Ports: 17, Input: 11, Output: 6, Inout: 0
Module: syndrome_buff, Registers: 12, Async set/reset: 12, Sync set/reset: 0
Information: Module syndrome_buff report end. (ELAB-965)
Information: Building the design 'NKES_PE1'. (HDL-193)

Inferred memory devices in process in routine 'NKES_PE1' in file
	 ../01_RTL/NKES/NKES_PE1.sv'.
==================================================================================
|    Register Name    |   Type    | Width | Bus | MB |  Set  | Reset | ST | Line |
==================================================================================
|   theta_delay_reg   | Flip-flop |   6   |  Y  | N  | None  | Async | N  |  54  |
|   delta_poly_reg    | Flip-flop |   6   |  Y  | N  | None  | Async | N  |  54  |
|   theta_poly_reg    | Flip-flop |   6   |  Y  | N  | None  | Async | N  |  54  |
|   delta_delay_reg   | Flip-flop |   6   |  Y  | N  | None  | Async | N  |  54  |
==================================================================================
Presto compilation completed successfully. (NKES_PE1)
Module: NKES_PE1, Ports: 65, Input: 59, Output: 6, Inout: 0
Module: NKES_PE1, Registers: 24, Async set/reset: 24, Sync set/reset: 0
Information: Module NKES_PE1 report end. (ELAB-965)
Information: Building the design 'NKES_PE0'. (HDL-193)

Inferred memory devices in process in routine 'NKES_PE0' in file
	 ../01_RTL/NKES/NKES_PE0.sv'.
==================================================================================
|    Register Name    |   Type    | Width | Bus | MB |  Set  | Reset | ST | Line |
==================================================================================
|   sigma_delay_reg   | Flip-flop |   6   |  Y  | N  | None  | Async | N  |  58  |
|     b_poly_reg      | Flip-flop |   6   |  Y  | N  | None  | Async | N  |  58  |
|     b_delay_reg     | Flip-flop |   6   |  Y  | N  | None  | Async | N  |  58  |
|   sigma_poly_reg    | Flip-flop |   6   |  Y  | N  | None  | Async | N  |  58  |
==================================================================================
Presto compilation completed successfully. (NKES_PE0)
Module: NKES_PE0, Ports: 65, Input: 41, Output: 24, Inout: 0
Module: NKES_PE0, Registers: 24, Async set/reset: 24, Sync set/reset: 0
Information: Module NKES_PE0 report end. (ELAB-965)
Information: Building the design 'sigmaV'. (HDL-193)
Presto compilation completed successfully. (sigmaV)
Module: sigmaV, Ports: 234, Input: 42, Output: 192, Inout: 0
Module: sigmaV, Registers: 0, Async set/reset: 0, Sync set/reset: 0
Information: Module sigmaV report end. (ELAB-965)
Information: Building the design 'chien_rotate'. (HDL-193)
Presto compilation completed successfully. (chien_rotate)
Module: chien_rotate, Ports: 84, Input: 42, Output: 42, Inout: 0
Module: chien_rotate, Registers: 0, Async set/reset: 0, Sync set/reset: 0
Information: Module chien_rotate report end. (ELAB-965)
Information: Building the design 'chien_checker'. (HDL-193)
Warning:  ../01_RTL/CS/chien_checker.sv:26: signed to unsigned assignment occurs. (VER-318)
Warning:  ../01_RTL/CS/chien_checker.sv:88: signed to unsigned assignment occurs. (VER-318)

Inferred memory devices in process in routine 'chien_checker' in file
	 ../01_RTL/CS/chien_checker.sv'.
==================================================================================
|    Register Name    |   Type    | Width | Bus | MB |  Set  | Reset | ST | Line |
==================================================================================
|      cdone_reg      | Flip-flop |   1   |  N  | N  | None  | Async | N  |  96  |
|       cnt_reg       | Flip-flop |   1   |  N  | N  | None  | Async | N  |  96  |
|   degree_rec_reg    | Flip-flop |   3   |  Y  | N  | None  | Async | N  |  96  |
|    root_num_reg     | Flip-flop |   3   |  Y  | N  | None  | Async | N  |  96  |
|      cdata_reg      | Flip-flop |  63   |  Y  | N  | None  | Async | N  |  96  |
==================================================================================
Presto compilation completed successfully. (chien_checker)
Module: chien_checker, Ports: 103, Input: 38, Output: 65, Inout: 0
Module: chien_checker, Registers: 71, Async set/reset: 71, Sync set/reset: 0
Information: Module chien_checker report end. (ELAB-965)
Information: Building the design 'gf_mul'. (HDL-193)
Presto compilation completed successfully. (gf_mul)
Module: gf_mul, Ports: 18, Input: 12, Output: 6, Inout: 0
Module: gf_mul, Registers: 0, Async set/reset: 0, Sync set/reset: 0
Information: Module gf_mul report end. (ELAB-965)
Information: Building the design 'nsu_top'. (HDL-193)

Inferred memory devices in process in routine 'nsu_top' in file
	 ../01_RTL/NSU/nsu_top.v'.
==================================================================================
|    Register Name    |   Type    | Width | Bus | MB |  Set  | Reset | ST | Line |
==================================================================================
|      b_out_reg      | Flip-flop |   1   |  N  | N  | None  | Async | N  |  83  |
|     running_reg     | Flip-flop |   1   |  N  | N  | None  | Async | N  |  83  |
|     cyc_cnt_reg     | Flip-flop |   2   |  Y  | N  | None  | Async | N  |  83  |
|  latched_stage_reg  | Flip-flop |   1   |  N  | N  | None  | Async | N  |  83  |
|    latched_b_reg    | Flip-flop |   1   |  N  | N  | None  | Async | N  |  83  |
==================================================================================
Presto compilation completed successfully. (nsu_top)
Module: nsu_top, Ports: 283, Input: 257, Output: 26, Inout: 0
Module: nsu_top, Registers: 6, Async set/reset: 6, Sync set/reset: 0
Information: Module nsu_top report end. (ELAB-965)
Information: Building the design 'A_inv'. (HDL-193)

Statistics for case statements in always block in file
	'../01_RTL/HSU/Ainv.sv'
===========================================================
|    Line    |  full/ parallel  |      block location     |
===========================================================
|     80     |    auto/auto     | always block at line 68 |
|     83     |     no/auto      | always block at line 68 |
|    110     |     no/auto      | always block at line 68 |
|    139     |     no/auto      | always block at line 68 |
|    166     |     no/auto      | always block at line 68 |
===========================================================
Presto compilation completed successfully. (A_inv)
Module: A_inv, Ports: 56, Input: 32, Output: 24, Inout: 0
Module: A_inv, Registers: 0, Async set/reset: 0, Sync set/reset: 0
Information: Module A_inv report end. (ELAB-965)
Information: Building the design 'sigmaE'. (HDL-193)
Presto compilation completed successfully. (sigmaE)
Module: sigmaE, Ports: 810, Input: 42, Output: 768, Inout: 0
Module: sigmaE, Registers: 0, Async set/reset: 0, Sync set/reset: 0
Information: Module sigmaE report end. (ELAB-965)
Information: Building the design 'sigmaEB'. (HDL-193)
Presto compilation completed successfully. (sigmaEB)
Module: sigmaEB, Ports: 966, Input: 774, Output: 192, Inout: 0
Module: sigmaEB, Registers: 0, Async set/reset: 0, Sync set/reset: 0
Information: Module sigmaEB report end. (ELAB-965)
Information: Building the design 'binary_mul'. (HDL-193)
Presto compilation completed successfully. (binary_mul)
Module: binary_mul, Ports: 23, Input: 12, Output: 11, Inout: 0
Module: binary_mul, Registers: 0, Async set/reset: 0, Sync set/reset: 0
Information: Module binary_mul report end. (ELAB-965)
Information: Building the design 'reduction_table'. (HDL-193)
Presto compilation completed successfully. (reduction_table)
Module: reduction_table, Ports: 17, Input: 11, Output: 6, Inout: 0
Module: reduction_table, Registers: 0, Async set/reset: 0, Sync set/reset: 0
Information: Module reduction_table report end. (ELAB-965)
Information: Building the design 'horner_a5'. (HDL-193)

Inferred memory devices in process in routine 'horner_a5' in file
	 ../01_RTL/NSU/horner_a5.v'.
==================================================================================
|    Register Name    |   Type    | Width | Bus | MB |  Set  | Reset | ST | Line |
==================================================================================
|      done_reg       | Flip-flop |   1   |  N  | N  | None  | Async | N  |  32  |
|      state_reg      | Flip-flop |   6   |  Y  | N  | None  | Async | N  |  32  |
|     cyc_cnt_reg     | Flip-flop |   1   |  N  | N  | None  | Async | N  |  32  |
|     running_reg     | Flip-flop |   1   |  N  | N  | None  | Async | N  |  32  |
==================================================================================
Presto compilation completed successfully. (horner_a5)
Module: horner_a5, Ports: 43, Input: 36, Output: 7, Inout: 0
Module: horner_a5, Registers: 9, Async set/reset: 9, Sync set/reset: 0
Information: Module horner_a5 report end. (ELAB-965)
Information: Building the design 'horner_a7'. (HDL-193)

Inferred memory devices in process in routine 'horner_a7' in file
	 ../01_RTL/NSU/horner_a7.v'.
==================================================================================
|    Register Name    |   Type    | Width | Bus | MB |  Set  | Reset | ST | Line |
==================================================================================
|      done_reg       | Flip-flop |   1   |  N  | N  | None  | Async | N  |  32  |
|      state_reg      | Flip-flop |   6   |  Y  | N  | None  | Async | N  |  32  |
|     cyc_cnt_reg     | Flip-flop |   1   |  N  | N  | None  | Async | N  |  32  |
|     running_reg     | Flip-flop |   1   |  N  | N  | None  | Async | N  |  32  |
==================================================================================
Presto compilation completed successfully. (horner_a7)
Module: horner_a7, Ports: 43, Input: 36, Output: 7, Inout: 0
Module: horner_a7, Registers: 9, Async set/reset: 9, Sync set/reset: 0
Information: Module horner_a7 report end. (ELAB-965)
Information: Building the design 'horner_a9'. (HDL-193)

Inferred memory devices in process in routine 'horner_a9' in file
	 ../01_RTL/NSU/horner_a9.v'.
==================================================================================
|    Register Name    |   Type    | Width | Bus | MB |  Set  | Reset | ST | Line |
==================================================================================
|      done_reg       | Flip-flop |   1   |  N  | N  | None  | Async | N  |  32  |
|      state_reg      | Flip-flop |   6   |  Y  | N  | None  | Async | N  |  32  |
|     cyc_cnt_reg     | Flip-flop |   1   |  N  | N  | None  | Async | N  |  32  |
|     running_reg     | Flip-flop |   1   |  N  | N  | None  | Async | N  |  32  |
==================================================================================
Presto compilation completed successfully. (horner_a9)
Module: horner_a9, Ports: 43, Input: 36, Output: 7, Inout: 0
Module: horner_a9, Registers: 9, Async set/reset: 9, Sync set/reset: 0
Information: Module horner_a9 report end. (ELAB-965)
Information: Building the design 'horner_a11'. (HDL-193)

Inferred memory devices in process in routine 'horner_a11' in file
	 ../01_RTL/NSU/horner_a11.v'.
==================================================================================
|    Register Name    |   Type    | Width | Bus | MB |  Set  | Reset | ST | Line |
==================================================================================
|      done_reg       | Flip-flop |   1   |  N  | N  | None  | Async | N  |  32  |
|      state_reg      | Flip-flop |   6   |  Y  | N  | None  | Async | N  |  32  |
|     cyc_cnt_reg     | Flip-flop |   1   |  N  | N  | None  | Async | N  |  32  |
|     running_reg     | Flip-flop |   1   |  N  | N  | None  | Async | N  |  32  |
==================================================================================
Presto compilation completed successfully. (horner_a11)
Module: horner_a11, Ports: 43, Input: 36, Output: 7, Inout: 0
Module: horner_a11, Registers: 9, Async set/reset: 9, Sync set/reset: 0
Information: Module horner_a11 report end. (ELAB-965)
1
current_design [get_designs $DESIGN]
Current design is 'CHIP'.
{CHIP}
uniquify
Information: Uniquified 3 instances of design 'BM_PE0'. (OPT-1056)
Information: Uniquified 2 instances of design 'BM_PE1'. (OPT-1056)
Information: Uniquified 4 instances of design 'NKES_PE1'. (OPT-1056)
Information: Uniquified 8 instances of design 'NKES_PE0'. (OPT-1056)
Information: Uniquified 64 instances of design 'gf_mul'. (OPT-1056)
Information: Uniquified 64 instances of design 'binary_mul'. (OPT-1056)
Information: Uniquified 64 instances of design 'reduction_table'. (OPT-1056)
Information: Uniquified 2 instances of design 'horner_a5'. (OPT-1056)
Information: Uniquified 2 instances of design 'horner_a7'. (OPT-1056)
Information: Uniquified 2 instances of design 'horner_a9'. (OPT-1056)
Information: Uniquified 2 instances of design 'horner_a11'. (OPT-1056)
1
link

  Linking design 'CHIP'
  Using the following designs and libraries:
  --------------------------------------------------------------------------
  fsa0m_a_generic_core_tt1p8v25c (library) /home/justin.yi/ICDLAB/ICDLAB_Final_Project/02_SYN/fsa0m_a_generic_core_tt1p8v25c.db
  fsa0m_a_generic_core_ss1p62v125c (library) /home/justin.yi/ICDLAB/ICDLAB_Final_Project/02_SYN/fsa0m_a_generic_core_ss1p62v125c.db
  fsa0m_a_generic_core_ff1p98vm40c (library) /home/justin.yi/ICDLAB/ICDLAB_Final_Project/02_SYN/fsa0m_a_generic_core_ff1p98vm40c.db
  fsa0m_a_t33_generic_io_tt1p8v25c (library) /home/justin.yi/ICDLAB/ICDLAB_Final_Project/02_SYN/fsa0m_a_t33_generic_io_tt1p8v25c.db
  fsa0m_a_t33_generic_io_ss1p62v125c (library) /home/justin.yi/ICDLAB/ICDLAB_Final_Project/02_SYN/fsa0m_a_t33_generic_io_ss1p62v125c.db
  fsa0m_a_t33_generic_io_ff1p98vm40c (library) /home/justin.yi/ICDLAB/ICDLAB_Final_Project/02_SYN/fsa0m_a_t33_generic_io_ff1p98vm40c.db

Warning: Unable to resolve reference 'BM_PE0_2' in 'BM'. (LINK-5)
Warning: Unable to resolve reference 'BM_PE0_1' in 'BM'. (LINK-5)
Warning: Unable to resolve reference 'BM_PE0_0' in 'BM'. (LINK-5)
Warning: Unable to resolve reference 'BM_PE1_1' in 'BM'. (LINK-5)
Warning: Unable to resolve reference 'BM_PE1_0' in 'BM'. (LINK-5)
Warning: Unable to resolve reference 'NKES_PE1_3' in 'NKES'. (LINK-5)
Warning: Unable to resolve reference 'NKES_PE1_2' in 'NKES'. (LINK-5)
Warning: Unable to resolve reference 'NKES_PE1_1' in 'NKES'. (LINK-5)
Warning: Unable to resolve reference 'NKES_PE1_0' in 'NKES'. (LINK-5)
Warning: Unable to resolve reference 'NKES_PE0_7' in 'NKES'. (LINK-5)
Warning: Unable to resolve reference 'NKES_PE0_6' in 'NKES'. (LINK-5)
Warning: Unable to resolve reference 'NKES_PE0_5' in 'NKES'. (LINK-5)
Warning: Unable to resolve reference 'NKES_PE0_4' in 'NKES'. (LINK-5)
Warning: Unable to resolve reference 'NKES_PE0_3' in 'NKES'. (LINK-5)
Warning: Unable to resolve reference 'NKES_PE0_2' in 'NKES'. (LINK-5)
Warning: Unable to resolve reference 'NKES_PE0_1' in 'NKES'. (LINK-5)
Warning: Unable to resolve reference 'NKES_PE0_0' in 'NKES'. (LINK-5)
Warning: Unable to resolve reference 'gf_mul_63' in 'HSU_top'. (LINK-5)
Warning: Unable to resolve reference 'gf_mul_62' in 'HSU_top'. (LINK-5)
Warning: Unable to resolve reference 'gf_mul_61' in 'HSU_top'. (LINK-5)
Warning: Unable to resolve reference 'gf_mul_60' in 'HSU_top'. (LINK-5)
Warning: Unable to resolve reference 'gf_mul_49' in 'precompute_unit'. (LINK-5)
Warning: Unable to resolve reference 'gf_mul_48' in 'precompute_unit'. (LINK-5)
Warning: Unable to resolve reference 'gf_mul_47' in 'precompute_unit'. (LINK-5)
Warning: Unable to resolve reference 'gf_mul_46' in 'precompute_unit'. (LINK-5)
Warning: Unable to resolve reference 'gf_mul_45' in 'precompute_unit'. (LINK-5)
Warning: Unable to resolve reference 'gf_mul_44' in 'precompute_unit'. (LINK-5)
Warning: Unable to resolve reference 'horner_a5_1' in 'nsu_top'. (LINK-5)
Warning: Unable to resolve reference 'horner_a5_0' in 'nsu_top'. (LINK-5)
Warning: Unable to resolve reference 'horner_a7_1' in 'nsu_top'. (LINK-5)
Warning: Unable to resolve reference 'horner_a7_0' in 'nsu_top'. (LINK-5)
Warning: Unable to resolve reference 'horner_a9_1' in 'nsu_top'. (LINK-5)
Warning: Unable to resolve reference 'horner_a9_0' in 'nsu_top'. (LINK-5)
Warning: Unable to resolve reference 'horner_a11_1' in 'nsu_top'. (LINK-5)
Warning: Unable to resolve reference 'horner_a11_0' in 'nsu_top'. (LINK-5)
Warning: Unable to resolve reference 'gf_mul_3' in 'A_inv'. (LINK-5)
Warning: Unable to resolve reference 'gf_mul_2' in 'A_inv'. (LINK-5)
Warning: Unable to resolve reference 'gf_mul_1' in 'A_inv'. (LINK-5)
Warning: Unable to resolve reference 'gf_mul_0' in 'A_inv'. (LINK-5)
Information: Search path: './ . /usr/cad/synopsys/synthesis/cur/libraries/syn /usr/cad/synopsys/synthesis/cur/dw/syn_ver /usr/cad/synopsys/synthesis/cur/dw/sim_ver'. (LINK-1801)
Information: List of linked libraries: 'fsa0m_a_generic_core_tt1p8v25c.db fsa0m_a_generic_core_ss1p62v125c.db fsa0m_a_generic_core_ff1p98vm40c.db fsa0m_a_t33_generic_io_tt1p8v25c.db fsa0m_a_t33_generic_io_ss1p62v125c.db fsa0m_a_t33_generic_io_ff1p98vm40c.db /usr/cad/synopsys/synthesis/cur/libraries/syn/gtech.db /usr/cad/synopsys/synthesis/cur/libraries/syn/standard.sldb'. (LINK-1802)
Information: Summary of messages issued during linking: (LINK-1806)
3 unique message tags found.
---------------------------------------------------------------------------------------------------------------------------------------
 Times printed |  Message Tag  |   Tag Level   |                             Last printed message
---------------------------------------------------------------------------------------------------------------------------------------
      39       |    LINK-5     |    Warning    | Unable to resolve reference 'gf_mul_0' in 'A_inv'. 
---------------------------------------------------------------------------------------------------------------------------------------
       1       |   LINK-1801   |  Information  | Search path: './ . /usr/cad/synopsys/synthesis/cur/libraries/syn /usr/cad/synopsys/...
---------------------------------------------------------------------------------------------------------------------------------------
       1       |   LINK-1802   |  Information  | List of linked libraries: 'fsa0m_a_generic_core_tt1p8v25c.db fsa0m_a_generic_core_s...
---------------------------------------------------------------------------------------------------------------------------------------
Summary: 41 messages issued during linking.
0
#source -echo -verbose ./your_design.sdc
############in sdc file
# Set the Optimization Constraints 
create_clock -period 10 -name "clk" -waveform {0 5} "clk"
1
set_dont_touch_network [get_ports clk]
1
set_fix_hold [get_clocks clk]
1
# Define the design environment
set_clock_uncertainty  0.1  [get_clocks clk]
1
set_clock_latency      0.5  [get_clocks clk]
1
set_input_delay  [expr $cycle*0.5] -clock clk [all_inputs]
Error: can't read "cycle": no such variable
	Use error_info for more info. (CMD-013)
set_output_delay [expr $cycle*0.5] -clock clk [all_outputs] 
Error: can't read "cycle": no such variable
	Use error_info for more info. (CMD-013)
set_drive 1  [all_inputs]
1
set_load  10 [all_outputs]
1
set_fix_multiple_port_nets -all -buffer_constants
1
set_operating_conditions -min_library fsa0m_a_generic_core_ff1p98vm40c -min BCCOM -max_library fsa0m_a_generic_core_ss1p62v125c -max WCCOM
Using operating conditions 'WCCOM' found in library 'fsa0m_a_generic_core_ss1p62v125c'.
Using operating conditions 'BCCOM' found in library 'fsa0m_a_generic_core_ff1p98vm40c'.
1
set_wire_load_model -name G200K -library fsa0m_a_generic_core_tt1p8v25c
1
set_max_area 0
1
set_max_fanout 20 [all_inputs]
1
set_boundary_optimization {"*"}
1
#############in sdc file
check_design
 
****************************************
check_design summary:
Version:     Y-2026.03
Date:        Tue May 19 23:29:28 2026
****************************************

                   Name                                            Total
--------------------------------------------------------------------------------
Inputs/Outputs                                                   1391
    Unconnected ports (LINT-28)                                  1328
    Feedthrough (LINT-29)                                          49
    Shorted outputs (LINT-31)                                      12
    Constant outputs (LINT-52)                                      2

Cells                                                             512
    Cells do not drive (LINT-1)                                    14
    Connected to power or ground (LINT-32)                        187
    Nets connected to multiple pins on same cell (LINT-33)         65
    Leaf pins connected to undriven nets (LINT-58)                234
    Cells have undriven hier pins (LINT-59)                        12

Nets                                                               48
    Unloaded nets (LINT-2)                                         48
--------------------------------------------------------------------------------

Warning: In design 'CHIP', cell 'nkes0' does not drive any nets. (LINT-1)
Warning: In design 'controller', cell 'B_25' does not drive any nets. (LINT-1)
Warning: In design 'controller', cell 'B_26' does not drive any nets. (LINT-1)
Warning: In design 'controller', cell 'B_27' does not drive any nets. (LINT-1)
Warning: In design 'controller', cell 'C461' does not drive any nets. (LINT-1)
Warning: In design 'controller', cell 'B_29' does not drive any nets. (LINT-1)
Warning: In design 'controller', cell 'C523' does not drive any nets. (LINT-1)
Warning: In design 'controller', cell 'B_31' does not drive any nets. (LINT-1)
Warning: In design 'HSU_top', cell 'C777' does not drive any nets. (LINT-1)
Warning: In design 'BM_control', cell 'B_6' does not drive any nets. (LINT-1)
Warning: In design 'BM_control', cell 'C141' does not drive any nets. (LINT-1)
Warning: In design 'NKES_ctrl', cell 'B_15' does not drive any nets. (LINT-1)
Warning: In design 'NKES_ctrl', cell 'C519' does not drive any nets. (LINT-1)
Warning: In design 'chien_checker', cell 'C487' does not drive any nets. (LINT-1)
Warning: In design 'CHIP', net 'S_out_ch2[0]' driven by pin 'hsu0/S_out_ch2[0]' has no loads. (LINT-2)
Warning: In design 'CHIP', net 'S_out_ch2[1]' driven by pin 'hsu0/S_out_ch2[1]' has no loads. (LINT-2)
Warning: In design 'CHIP', net 'S_out_ch2[2]' driven by pin 'hsu0/S_out_ch2[2]' has no loads. (LINT-2)
Warning: In design 'CHIP', net 'S_out_ch2[3]' driven by pin 'hsu0/S_out_ch2[3]' has no loads. (LINT-2)
Warning: In design 'CHIP', net 'S_out_ch2[4]' driven by pin 'hsu0/S_out_ch2[4]' has no loads. (LINT-2)
Warning: In design 'CHIP', net 'S_out_ch2[5]' driven by pin 'hsu0/S_out_ch2[5]' has no loads. (LINT-2)
Warning: In design 'CHIP', net 'S_out_ch1[0]' driven by pin 'hsu0/S_out_ch1[0]' has no loads. (LINT-2)
Warning: In design 'CHIP', net 'S_out_ch1[1]' driven by pin 'hsu0/S_out_ch1[1]' has no loads. (LINT-2)
Warning: In design 'CHIP', net 'S_out_ch1[2]' driven by pin 'hsu0/S_out_ch1[2]' has no loads. (LINT-2)
Warning: In design 'CHIP', net 'S_out_ch1[3]' driven by pin 'hsu0/S_out_ch1[3]' has no loads. (LINT-2)
Warning: In design 'CHIP', net 'S_out_ch1[4]' driven by pin 'hsu0/S_out_ch1[4]' has no loads. (LINT-2)
Warning: In design 'CHIP', net 'S_out_ch1[5]' driven by pin 'hsu0/S_out_ch1[5]' has no loads. (LINT-2)
Warning: In design 'CHIP', net 'syn_rdy' driven by pin 'hsu0/syn_rdy' has no loads. (LINT-2)
Warning: In design 'CHIP', net 'nsu_stage_flag' driven by pin 'ctrl0/nsu_stage_flag' has no loads. (LINT-2)
Warning: In design 'CHIP', net 'nsu_b' driven by pin 'ctrl0/nsu_b' has no loads. (LINT-2)
Warning: In design 'CHIP', net 'nsu_start' driven by pin 'ctrl0/nsu_start' has no loads. (LINT-2)
Warning: In design 'CHIP', net 'naddr[0]' driven by pin 'ctrl0/naddr[0]' has no loads. (LINT-2)
Warning: In design 'CHIP', net 'naddr[1]' driven by pin 'ctrl0/naddr[1]' has no loads. (LINT-2)
Warning: In design 'CHIP', net 'nsyn[0][0]' driven by pin 'mem0/nsyn[0][0]' has no loads. (LINT-2)
Warning: In design 'CHIP', net 'nsyn[0][1]' driven by pin 'mem0/nsyn[0][1]' has no loads. (LINT-2)
Warning: In design 'CHIP', net 'nsyn[0][2]' driven by pin 'mem0/nsyn[0][2]' has no loads. (LINT-2)
Warning: In design 'CHIP', net 'nsyn[0][3]' driven by pin 'mem0/nsyn[0][3]' has no loads. (LINT-2)
Warning: In design 'CHIP', net 'nsyn[0][4]' driven by pin 'mem0/nsyn[0][4]' has no loads. (LINT-2)
Warning: In design 'CHIP', net 'nsyn[0][5]' driven by pin 'mem0/nsyn[0][5]' has no loads. (LINT-2)
Warning: In design 'CHIP', net 'nsyn[0][6]' driven by pin 'mem0/nsyn[0][6]' has no loads. (LINT-2)
Warning: In design 'CHIP', net 'nsyn[0][7]' driven by pin 'mem0/nsyn[0][7]' has no loads. (LINT-2)
Warning: In design 'CHIP', net 'nsyn[0][8]' driven by pin 'mem0/nsyn[0][8]' has no loads. (LINT-2)
Warning: In design 'CHIP', net 'nsyn[0][9]' driven by pin 'mem0/nsyn[0][9]' has no loads. (LINT-2)
Warning: In design 'CHIP', net 'nsyn[0][10]' driven by pin 'mem0/nsyn[0][10]' has no loads. (LINT-2)
Warning: In design 'CHIP', net 'nsyn[0][11]' driven by pin 'mem0/nsyn[0][11]' has no loads. (LINT-2)
Warning: In design 'CHIP', net 'nsyn[1][0]' driven by pin 'mem0/nsyn[1][0]' has no loads. (LINT-2)
Warning: In design 'CHIP', net 'nsyn[1][1]' driven by pin 'mem0/nsyn[1][1]' has no loads. (LINT-2)
Warning: In design 'CHIP', net 'nsyn[1][2]' driven by pin 'mem0/nsyn[1][2]' has no loads. (LINT-2)
Warning: In design 'CHIP', net 'nsyn[1][3]' driven by pin 'mem0/nsyn[1][3]' has no loads. (LINT-2)
Warning: In design 'CHIP', net 'nsyn[1][4]' driven by pin 'mem0/nsyn[1][4]' has no loads. (LINT-2)
Warning: In design 'CHIP', net 'nsyn[1][5]' driven by pin 'mem0/nsyn[1][5]' has no loads. (LINT-2)
Warning: In design 'CHIP', net 'nsyn[1][6]' driven by pin 'mem0/nsyn[1][6]' has no loads. (LINT-2)
Warning: In design 'CHIP', net 'nsyn[1][7]' driven by pin 'mem0/nsyn[1][7]' has no loads. (LINT-2)
Warning: In design 'CHIP', net 'nsyn[1][8]' driven by pin 'mem0/nsyn[1][8]' has no loads. (LINT-2)
Warning: In design 'CHIP', net 'nsyn[1][9]' driven by pin 'mem0/nsyn[1][9]' has no loads. (LINT-2)
Warning: In design 'CHIP', net 'nsyn[1][10]' driven by pin 'mem0/nsyn[1][10]' has no loads. (LINT-2)
Warning: In design 'CHIP', net 'nsyn[1][11]' driven by pin 'mem0/nsyn[1][11]' has no loads. (LINT-2)
Warning: In design 'CHIP', net 'hsu0/nsu_inst/d_11_k1' driven by pin 'hsu0/nsu_inst/u_a11_k1/done' has no loads. (LINT-2)
Warning: In design 'CHIP', net 'hsu0/nsu_inst/d_11_k0' driven by pin 'hsu0/nsu_inst/u_a11_k0/done' has no loads. (LINT-2)
Warning: In design 'CHIP', net 'hsu0/nsu_inst/d_9_k1' driven by pin 'hsu0/nsu_inst/u_a9_k1/done' has no loads. (LINT-2)
Warning: In design 'CHIP', net 'hsu0/nsu_inst/d_7_k1' driven by pin 'hsu0/nsu_inst/u_a7_k1/done' has no loads. (LINT-2)
Warning: In design 'CHIP', net 'hsu0/nsu_inst/d_7_k0' driven by pin 'hsu0/nsu_inst/u_a7_k0/done' has no loads. (LINT-2)
Warning: In design 'CHIP', net 'hsu0/nsu_inst/d_5_k1' driven by pin 'hsu0/nsu_inst/u_a5_k1/done' has no loads. (LINT-2)
Warning: In design 'A_inv', port 'i_clk' is not connected to any nets. (LINT-28)
Warning: In design 'A_inv', port 'i_rst' is not connected to any nets. (LINT-28)
Warning: In design 'sigmaE', port 'sigma[0][5]' is not connected to any nets. (LINT-28)
Warning: In design 'sigmaE', port 'sigma[0][4]' is not connected to any nets. (LINT-28)
Warning: In design 'sigmaE', port 'sigma[0][3]' is not connected to any nets. (LINT-28)
Warning: In design 'sigmaE', port 'sigma[0][2]' is not connected to any nets. (LINT-28)
Warning: In design 'sigmaE', port 'sigma[0][1]' is not connected to any nets. (LINT-28)
Warning: In design 'sigmaE', port 'sigma[0][0]' is not connected to any nets. (LINT-28)
Warning: In design 'sigmaE', port 'y[3][31][5]' is not connected to any nets. (LINT-28)
Warning: In design 'sigmaE', port 'y[3][31][4]' is not connected to any nets. (LINT-28)
Warning: In design 'sigmaE', port 'y[3][31][3]' is not connected to any nets. (LINT-28)
Warning: In design 'sigmaE', port 'y[3][31][2]' is not connected to any nets. (LINT-28)
Warning: In design 'sigmaE', port 'y[3][31][1]' is not connected to any nets. (LINT-28)
Warning: In design 'sigmaE', port 'y[3][31][0]' is not connected to any nets. (LINT-28)
Warning: In design 'sigmaE', port 'y[3][30][5]' is not connected to any nets. (LINT-28)
Warning: In design 'sigmaE', port 'y[3][30][4]' is not connected to any nets. (LINT-28)
Warning: In design 'sigmaE', port 'y[3][30][3]' is not connected to any nets. (LINT-28)
Warning: In design 'sigmaE', port 'y[3][30][2]' is not connected to any nets. (LINT-28)
Warning: In design 'sigmaE', port 'y[3][30][1]' is not connected to any nets. (LINT-28)
Warning: In design 'sigmaE', port 'y[3][30][0]' is not connected to any nets. (LINT-28)
Warning: In design 'sigmaE', port 'y[3][29][5]' is not connected to any nets. (LINT-28)
Warning: In design 'sigmaE', port 'y[3][29][4]' is not connected to any nets. (LINT-28)
Warning: In design 'sigmaE', port 'y[3][29][3]' is not connected to any nets. (LINT-28)
Warning: In design 'sigmaE', port 'y[3][29][2]' is not connected to any nets. (LINT-28)
Warning: In design 'sigmaE', port 'y[3][29][1]' is not connected to any nets. (LINT-28)
Warning: In design 'sigmaE', port 'y[3][29][0]' is not connected to any nets. (LINT-28)
Warning: In design 'sigmaE', port 'y[3][28][5]' is not connected to any nets. (LINT-28)
Warning: In design 'sigmaE', port 'y[3][28][4]' is not connected to any nets. (LINT-28)
Warning: In design 'sigmaE', port 'y[3][28][3]' is not connected to any nets. (LINT-28)
Warning: In design 'sigmaE', port 'y[3][28][2]' is not connected to any nets. (LINT-28)
Warning: In design 'sigmaE', port 'y[3][28][1]' is not connected to any nets. (LINT-28)
Warning: In design 'sigmaE', port 'y[3][28][0]' is not connected to any nets. (LINT-28)
Warning: In design 'sigmaE', port 'y[3][27][5]' is not connected to any nets. (LINT-28)
Warning: In design 'sigmaE', port 'y[3][27][4]' is not connected to any nets. (LINT-28)
Warning: In design 'sigmaE', port 'y[3][27][3]' is not connected to any nets. (LINT-28)
Warning: In design 'sigmaE', port 'y[3][27][2]' is not connected to any nets. (LINT-28)
Warning: In design 'sigmaE', port 'y[3][27][1]' is not connected to any nets. (LINT-28)
Warning: In design 'sigmaE', port 'y[3][27][0]' is not connected to any nets. (LINT-28)
Warning: In design 'sigmaE', port 'y[3][26][5]' is not connected to any nets. (LINT-28)
Warning: In design 'sigmaE', port 'y[3][26][4]' is not connected to any nets. (LINT-28)
Warning: In design 'sigmaE', port 'y[3][26][3]' is not connected to any nets. (LINT-28)
Warning: In design 'sigmaE', port 'y[3][26][2]' is not connected to any nets. (LINT-28)
Warning: In design 'sigmaE', port 'y[3][26][1]' is not connected to any nets. (LINT-28)
Warning: In design 'sigmaE', port 'y[3][26][0]' is not connected to any nets. (LINT-28)
Warning: In design 'sigmaE', port 'y[3][25][5]' is not connected to any nets. (LINT-28)
Warning: In design 'sigmaE', port 'y[3][25][4]' is not connected to any nets. (LINT-28)
Warning: In design 'sigmaE', port 'y[3][25][3]' is not connected to any nets. (LINT-28)
Warning: In design 'sigmaE', port 'y[3][25][2]' is not connected to any nets. (LINT-28)
Warning: In design 'sigmaE', port 'y[3][25][1]' is not connected to any nets. (LINT-28)
Warning: In design 'sigmaE', port 'y[3][25][0]' is not connected to any nets. (LINT-28)
Warning: In design 'sigmaE', port 'y[3][24][5]' is not connected to any nets. (LINT-28)
Warning: In design 'sigmaE', port 'y[3][24][4]' is not connected to any nets. (LINT-28)
Warning: In design 'sigmaE', port 'y[3][24][3]' is not connected to any nets. (LINT-28)
Warning: In design 'sigmaE', port 'y[3][24][2]' is not connected to any nets. (LINT-28)
Warning: In design 'sigmaE', port 'y[3][24][1]' is not connected to any nets. (LINT-28)
Warning: In design 'sigmaE', port 'y[3][24][0]' is not connected to any nets. (LINT-28)
Warning: In design 'sigmaE', port 'y[3][23][5]' is not connected to any nets. (LINT-28)
Warning: In design 'sigmaE', port 'y[3][23][4]' is not connected to any nets. (LINT-28)
Warning: In design 'sigmaE', port 'y[3][23][3]' is not connected to any nets. (LINT-28)
Warning: In design 'sigmaE', port 'y[3][23][2]' is not connected to any nets. (LINT-28)
Warning: In design 'sigmaE', port 'y[3][23][1]' is not connected to any nets. (LINT-28)
Warning: In design 'sigmaE', port 'y[3][23][0]' is not connected to any nets. (LINT-28)
Warning: In design 'sigmaE', port 'y[3][22][5]' is not connected to any nets. (LINT-28)
Warning: In design 'sigmaE', port 'y[3][22][4]' is not connected to any nets. (LINT-28)
Warning: In design 'sigmaE', port 'y[3][22][3]' is not connected to any nets. (LINT-28)
Warning: In design 'sigmaE', port 'y[3][22][2]' is not connected to any nets. (LINT-28)
Warning: In design 'sigmaE', port 'y[3][22][1]' is not connected to any nets. (LINT-28)
Warning: In design 'sigmaE', port 'y[3][22][0]' is not connected to any nets. (LINT-28)
Warning: In design 'sigmaE', port 'y[3][21][5]' is not connected to any nets. (LINT-28)
Warning: In design 'sigmaE', port 'y[3][21][4]' is not connected to any nets. (LINT-28)
Warning: In design 'sigmaE', port 'y[3][21][3]' is not connected to any nets. (LINT-28)
Warning: In design 'sigmaE', port 'y[3][21][2]' is not connected to any nets. (LINT-28)
Warning: In design 'sigmaE', port 'y[3][21][1]' is not connected to any nets. (LINT-28)
Warning: In design 'sigmaE', port 'y[3][21][0]' is not connected to any nets. (LINT-28)
Warning: In design 'sigmaE', port 'y[3][20][5]' is not connected to any nets. (LINT-28)
Warning: In design 'sigmaE', port 'y[3][20][4]' is not connected to any nets. (LINT-28)
Warning: In design 'sigmaE', port 'y[3][20][3]' is not connected to any nets. (LINT-28)
Warning: In design 'sigmaE', port 'y[3][20][2]' is not connected to any nets. (LINT-28)
Warning: In design 'sigmaE', port 'y[3][20][1]' is not connected to any nets. (LINT-28)
Warning: In design 'sigmaE', port 'y[3][20][0]' is not connected to any nets. (LINT-28)
Warning: In design 'sigmaE', port 'y[3][19][5]' is not connected to any nets. (LINT-28)
Warning: In design 'sigmaE', port 'y[3][19][4]' is not connected to any nets. (LINT-28)
Warning: In design 'sigmaE', port 'y[3][19][3]' is not connected to any nets. (LINT-28)
Warning: In design 'sigmaE', port 'y[3][19][2]' is not connected to any nets. (LINT-28)
Warning: In design 'sigmaE', port 'y[3][19][1]' is not connected to any nets. (LINT-28)
Warning: In design 'sigmaE', port 'y[3][19][0]' is not connected to any nets. (LINT-28)
Warning: In design 'sigmaE', port 'y[3][18][5]' is not connected to any nets. (LINT-28)
Warning: In design 'sigmaE', port 'y[3][18][4]' is not connected to any nets. (LINT-28)
Warning: In design 'sigmaE', port 'y[3][18][3]' is not connected to any nets. (LINT-28)
Warning: In design 'sigmaE', port 'y[3][18][2]' is not connected to any nets. (LINT-28)
Warning: In design 'sigmaE', port 'y[3][18][1]' is not connected to any nets. (LINT-28)
Warning: In design 'sigmaE', port 'y[3][18][0]' is not connected to any nets. (LINT-28)
Warning: In design 'sigmaE', port 'y[3][17][5]' is not connected to any nets. (LINT-28)
Warning: In design 'sigmaE', port 'y[3][17][4]' is not connected to any nets. (LINT-28)
Warning: In design 'sigmaE', port 'y[3][17][3]' is not connected to any nets. (LINT-28)
Warning: In design 'sigmaE', port 'y[3][17][2]' is not connected to any nets. (LINT-28)
Warning: In design 'sigmaE', port 'y[3][17][1]' is not connected to any nets. (LINT-28)
Warning: In design 'sigmaE', port 'y[3][17][0]' is not connected to any nets. (LINT-28)
Warning: In design 'sigmaE', port 'y[3][16][5]' is not connected to any nets. (LINT-28)
Warning: In design 'sigmaE', port 'y[3][16][4]' is not connected to any nets. (LINT-28)
Warning: In design 'sigmaE', port 'y[3][16][3]' is not connected to any nets. (LINT-28)
Warning: In design 'sigmaE', port 'y[3][16][2]' is not connected to any nets. (LINT-28)
Warning: In design 'sigmaE', port 'y[3][16][1]' is not connected to any nets. (LINT-28)
Warning: In design 'sigmaE', port 'y[3][16][0]' is not connected to any nets. (LINT-28)
Warning: In design 'sigmaE', port 'y[3][15][5]' is not connected to any nets. (LINT-28)
Warning: In design 'sigmaE', port 'y[3][15][4]' is not connected to any nets. (LINT-28)
Warning: In design 'sigmaE', port 'y[3][15][3]' is not connected to any nets. (LINT-28)
Warning: In design 'sigmaE', port 'y[3][15][2]' is not connected to any nets. (LINT-28)
Warning: In design 'sigmaE', port 'y[3][15][1]' is not connected to any nets. (LINT-28)
Warning: In design 'sigmaE', port 'y[3][15][0]' is not connected to any nets. (LINT-28)
Warning: In design 'sigmaE', port 'y[3][14][5]' is not connected to any nets. (LINT-28)
Warning: In design 'sigmaE', port 'y[3][14][4]' is not connected to any nets. (LINT-28)
Warning: In design 'sigmaE', port 'y[3][14][3]' is not connected to any nets. (LINT-28)
Warning: In design 'sigmaE', port 'y[3][14][2]' is not connected to any nets. (LINT-28)
Warning: In design 'sigmaE', port 'y[3][14][1]' is not connected to any nets. (LINT-28)
Warning: In design 'sigmaE', port 'y[3][14][0]' is not connected to any nets. (LINT-28)
Warning: In design 'sigmaE', port 'y[3][13][5]' is not connected to any nets. (LINT-28)
Warning: In design 'sigmaE', port 'y[3][13][4]' is not connected to any nets. (LINT-28)
Warning: In design 'sigmaE', port 'y[3][13][3]' is not connected to any nets. (LINT-28)
Warning: In design 'sigmaE', port 'y[3][13][2]' is not connected to any nets. (LINT-28)
Warning: In design 'sigmaE', port 'y[3][13][1]' is not connected to any nets. (LINT-28)
Warning: In design 'sigmaE', port 'y[3][13][0]' is not connected to any nets. (LINT-28)
Warning: In design 'sigmaE', port 'y[3][12][5]' is not connected to any nets. (LINT-28)
Warning: In design 'sigmaE', port 'y[3][12][4]' is not connected to any nets. (LINT-28)
Warning: In design 'sigmaE', port 'y[3][12][3]' is not connected to any nets. (LINT-28)
Warning: In design 'sigmaE', port 'y[3][12][2]' is not connected to any nets. (LINT-28)
Warning: In design 'sigmaE', port 'y[3][12][1]' is not connected to any nets. (LINT-28)
Warning: In design 'sigmaE', port 'y[3][12][0]' is not connected to any nets. (LINT-28)
Warning: In design 'sigmaE', port 'y[3][11][5]' is not connected to any nets. (LINT-28)
Warning: In design 'sigmaE', port 'y[3][11][4]' is not connected to any nets. (LINT-28)
Warning: In design 'sigmaE', port 'y[3][11][3]' is not connected to any nets. (LINT-28)
Warning: In design 'sigmaE', port 'y[3][11][2]' is not connected to any nets. (LINT-28)
Warning: In design 'sigmaE', port 'y[3][11][1]' is not connected to any nets. (LINT-28)
Warning: In design 'sigmaE', port 'y[3][11][0]' is not connected to any nets. (LINT-28)
Warning: In design 'sigmaE', port 'y[3][10][5]' is not connected to any nets. (LINT-28)
Warning: In design 'sigmaE', port 'y[3][10][4]' is not connected to any nets. (LINT-28)
Warning: In design 'sigmaE', port 'y[3][10][3]' is not connected to any nets. (LINT-28)
Warning: In design 'sigmaE', port 'y[3][10][2]' is not connected to any nets. (LINT-28)
Warning: In design 'sigmaE', port 'y[3][10][1]' is not connected to any nets. (LINT-28)
Warning: In design 'sigmaE', port 'y[3][10][0]' is not connected to any nets. (LINT-28)
Warning: In design 'sigmaE', port 'y[3][9][5]' is not connected to any nets. (LINT-28)
Warning: In design 'sigmaE', port 'y[3][9][4]' is not connected to any nets. (LINT-28)
Warning: In design 'sigmaE', port 'y[3][9][3]' is not connected to any nets. (LINT-28)
Warning: In design 'sigmaE', port 'y[3][9][2]' is not connected to any nets. (LINT-28)
Warning: In design 'sigmaE', port 'y[3][9][1]' is not connected to any nets. (LINT-28)
Warning: In design 'sigmaE', port 'y[3][9][0]' is not connected to any nets. (LINT-28)
Warning: In design 'sigmaE', port 'y[3][8][5]' is not connected to any nets. (LINT-28)
Warning: In design 'sigmaE', port 'y[3][8][4]' is not connected to any nets. (LINT-28)
Warning: In design 'sigmaE', port 'y[3][8][3]' is not connected to any nets. (LINT-28)
Warning: In design 'sigmaE', port 'y[3][8][2]' is not connected to any nets. (LINT-28)
Warning: In design 'sigmaE', port 'y[3][8][1]' is not connected to any nets. (LINT-28)
Warning: In design 'sigmaE', port 'y[3][8][0]' is not connected to any nets. (LINT-28)
Warning: In design 'sigmaE', port 'y[3][7][5]' is not connected to any nets. (LINT-28)
Warning: In design 'sigmaE', port 'y[3][7][4]' is not connected to any nets. (LINT-28)
Warning: In design 'sigmaE', port 'y[3][7][3]' is not connected to any nets. (LINT-28)
Warning: In design 'sigmaE', port 'y[3][7][2]' is not connected to any nets. (LINT-28)
Warning: In design 'sigmaE', port 'y[3][7][1]' is not connected to any nets. (LINT-28)
Warning: In design 'sigmaE', port 'y[3][7][0]' is not connected to any nets. (LINT-28)
Warning: In design 'sigmaE', port 'y[3][6][5]' is not connected to any nets. (LINT-28)
Warning: In design 'sigmaE', port 'y[3][6][4]' is not connected to any nets. (LINT-28)
Warning: In design 'sigmaE', port 'y[3][6][3]' is not connected to any nets. (LINT-28)
Warning: In design 'sigmaE', port 'y[3][6][2]' is not connected to any nets. (LINT-28)
Warning: In design 'sigmaE', port 'y[3][6][1]' is not connected to any nets. (LINT-28)
Warning: In design 'sigmaE', port 'y[3][6][0]' is not connected to any nets. (LINT-28)
Warning: In design 'sigmaE', port 'y[3][5][5]' is not connected to any nets. (LINT-28)
Warning: In design 'sigmaE', port 'y[3][5][4]' is not connected to any nets. (LINT-28)
Warning: In design 'sigmaE', port 'y[3][5][3]' is not connected to any nets. (LINT-28)
Warning: In design 'sigmaE', port 'y[3][5][2]' is not connected to any nets. (LINT-28)
Warning: In design 'sigmaE', port 'y[3][5][1]' is not connected to any nets. (LINT-28)
Warning: In design 'sigmaE', port 'y[3][5][0]' is not connected to any nets. (LINT-28)
Warning: In design 'sigmaE', port 'y[3][4][5]' is not connected to any nets. (LINT-28)
Warning: In design 'sigmaE', port 'y[3][4][4]' is not connected to any nets. (LINT-28)
Warning: In design 'sigmaE', port 'y[3][4][3]' is not connected to any nets. (LINT-28)
Warning: In design 'sigmaE', port 'y[3][4][2]' is not connected to any nets. (LINT-28)
Warning: In design 'sigmaE', port 'y[3][4][1]' is not connected to any nets. (LINT-28)
Warning: In design 'sigmaE', port 'y[3][4][0]' is not connected to any nets. (LINT-28)
Warning: In design 'sigmaE', port 'y[3][3][5]' is not connected to any nets. (LINT-28)
Warning: In design 'sigmaE', port 'y[3][3][4]' is not connected to any nets. (LINT-28)
Warning: In design 'sigmaE', port 'y[3][3][3]' is not connected to any nets. (LINT-28)
Warning: In design 'sigmaE', port 'y[3][3][2]' is not connected to any nets. (LINT-28)
Warning: In design 'sigmaE', port 'y[3][3][1]' is not connected to any nets. (LINT-28)
Warning: In design 'sigmaE', port 'y[3][3][0]' is not connected to any nets. (LINT-28)
Warning: In design 'sigmaE', port 'y[3][2][5]' is not connected to any nets. (LINT-28)
Warning: In design 'sigmaE', port 'y[3][2][4]' is not connected to any nets. (LINT-28)
Warning: In design 'sigmaE', port 'y[3][2][3]' is not connected to any nets. (LINT-28)
Warning: In design 'sigmaE', port 'y[3][2][2]' is not connected to any nets. (LINT-28)
Warning: In design 'sigmaE', port 'y[3][2][1]' is not connected to any nets. (LINT-28)
Warning: In design 'sigmaE', port 'y[3][2][0]' is not connected to any nets. (LINT-28)
Warning: In design 'sigmaE', port 'y[3][1][5]' is not connected to any nets. (LINT-28)
Warning: In design 'sigmaE', port 'y[3][1][4]' is not connected to any nets. (LINT-28)
Warning: In design 'sigmaE', port 'y[3][1][3]' is not connected to any nets. (LINT-28)
Warning: In design 'sigmaE', port 'y[3][1][2]' is not connected to any nets. (LINT-28)
Warning: In design 'sigmaE', port 'y[3][1][1]' is not connected to any nets. (LINT-28)
Warning: In design 'sigmaE', port 'y[3][1][0]' is not connected to any nets. (LINT-28)
Warning: In design 'sigmaE', port 'y[3][0][5]' is not connected to any nets. (LINT-28)
Warning: In design 'sigmaE', port 'y[3][0][4]' is not connected to any nets. (LINT-28)
Warning: In design 'sigmaE', port 'y[3][0][3]' is not connected to any nets. (LINT-28)
Warning: In design 'sigmaE', port 'y[3][0][2]' is not connected to any nets. (LINT-28)
Warning: In design 'sigmaE', port 'y[3][0][1]' is not connected to any nets. (LINT-28)
Warning: In design 'sigmaE', port 'y[3][0][0]' is not connected to any nets. (LINT-28)
Warning: In design 'sigmaE', port 'y[2][31][5]' is not connected to any nets. (LINT-28)
Warning: In design 'sigmaE', port 'y[2][31][4]' is not connected to any nets. (LINT-28)
Warning: In design 'sigmaE', port 'y[2][31][3]' is not connected to any nets. (LINT-28)
Warning: In design 'sigmaE', port 'y[2][31][2]' is not connected to any nets. (LINT-28)
Warning: In design 'sigmaE', port 'y[2][31][1]' is not connected to any nets. (LINT-28)
Warning: In design 'sigmaE', port 'y[2][31][0]' is not connected to any nets. (LINT-28)
Warning: In design 'sigmaE', port 'y[2][30][5]' is not connected to any nets. (LINT-28)
Warning: In design 'sigmaE', port 'y[2][30][4]' is not connected to any nets. (LINT-28)
Warning: In design 'sigmaE', port 'y[2][30][3]' is not connected to any nets. (LINT-28)
Warning: In design 'sigmaE', port 'y[2][30][2]' is not connected to any nets. (LINT-28)
Warning: In design 'sigmaE', port 'y[2][30][1]' is not connected to any nets. (LINT-28)
Warning: In design 'sigmaE', port 'y[2][30][0]' is not connected to any nets. (LINT-28)
Warning: In design 'sigmaE', port 'y[2][29][5]' is not connected to any nets. (LINT-28)
Warning: In design 'sigmaE', port 'y[2][29][4]' is not connected to any nets. (LINT-28)
Warning: In design 'sigmaE', port 'y[2][29][3]' is not connected to any nets. (LINT-28)
Warning: In design 'sigmaE', port 'y[2][29][2]' is not connected to any nets. (LINT-28)
Warning: In design 'sigmaE', port 'y[2][29][1]' is not connected to any nets. (LINT-28)
Warning: In design 'sigmaE', port 'y[2][29][0]' is not connected to any nets. (LINT-28)
Warning: In design 'sigmaE', port 'y[2][28][5]' is not connected to any nets. (LINT-28)
Warning: In design 'sigmaE', port 'y[2][28][4]' is not connected to any nets. (LINT-28)
Warning: In design 'sigmaE', port 'y[2][28][3]' is not connected to any nets. (LINT-28)
Warning: In design 'sigmaE', port 'y[2][28][2]' is not connected to any nets. (LINT-28)
Warning: In design 'sigmaE', port 'y[2][28][1]' is not connected to any nets. (LINT-28)
Warning: In design 'sigmaE', port 'y[2][28][0]' is not connected to any nets. (LINT-28)
Warning: In design 'sigmaE', port 'y[2][27][5]' is not connected to any nets. (LINT-28)
Warning: In design 'sigmaE', port 'y[2][27][4]' is not connected to any nets. (LINT-28)
Warning: In design 'sigmaE', port 'y[2][27][3]' is not connected to any nets. (LINT-28)
Warning: In design 'sigmaE', port 'y[2][27][2]' is not connected to any nets. (LINT-28)
Warning: In design 'sigmaE', port 'y[2][27][1]' is not connected to any nets. (LINT-28)
Warning: In design 'sigmaE', port 'y[2][27][0]' is not connected to any nets. (LINT-28)
Warning: In design 'sigmaE', port 'y[2][26][5]' is not connected to any nets. (LINT-28)
Warning: In design 'sigmaE', port 'y[2][26][4]' is not connected to any nets. (LINT-28)
Warning: In design 'sigmaE', port 'y[2][26][3]' is not connected to any nets. (LINT-28)
Warning: In design 'sigmaE', port 'y[2][26][2]' is not connected to any nets. (LINT-28)
Warning: In design 'sigmaE', port 'y[2][26][1]' is not connected to any nets. (LINT-28)
Warning: In design 'sigmaE', port 'y[2][26][0]' is not connected to any nets. (LINT-28)
Warning: In design 'sigmaE', port 'y[2][25][5]' is not connected to any nets. (LINT-28)
Warning: In design 'sigmaE', port 'y[2][25][4]' is not connected to any nets. (LINT-28)
Warning: In design 'sigmaE', port 'y[2][25][3]' is not connected to any nets. (LINT-28)
Warning: In design 'sigmaE', port 'y[2][25][2]' is not connected to any nets. (LINT-28)
Warning: In design 'sigmaE', port 'y[2][25][1]' is not connected to any nets. (LINT-28)
Warning: In design 'sigmaE', port 'y[2][25][0]' is not connected to any nets. (LINT-28)
Warning: In design 'sigmaE', port 'y[2][24][5]' is not connected to any nets. (LINT-28)
Warning: In design 'sigmaE', port 'y[2][24][4]' is not connected to any nets. (LINT-28)
Warning: In design 'sigmaE', port 'y[2][24][3]' is not connected to any nets. (LINT-28)
Warning: In design 'sigmaE', port 'y[2][24][2]' is not connected to any nets. (LINT-28)
Warning: In design 'sigmaE', port 'y[2][24][1]' is not connected to any nets. (LINT-28)
Warning: In design 'sigmaE', port 'y[2][24][0]' is not connected to any nets. (LINT-28)
Warning: In design 'sigmaE', port 'y[2][23][5]' is not connected to any nets. (LINT-28)
Warning: In design 'sigmaE', port 'y[2][23][4]' is not connected to any nets. (LINT-28)
Warning: In design 'sigmaE', port 'y[2][23][3]' is not connected to any nets. (LINT-28)
Warning: In design 'sigmaE', port 'y[2][23][2]' is not connected to any nets. (LINT-28)
Warning: In design 'sigmaE', port 'y[2][23][1]' is not connected to any nets. (LINT-28)
Warning: In design 'sigmaE', port 'y[2][23][0]' is not connected to any nets. (LINT-28)
Warning: In design 'sigmaE', port 'y[2][22][5]' is not connected to any nets. (LINT-28)
Warning: In design 'sigmaE', port 'y[2][22][4]' is not connected to any nets. (LINT-28)
Warning: In design 'sigmaE', port 'y[2][22][3]' is not connected to any nets. (LINT-28)
Warning: In design 'sigmaE', port 'y[2][22][2]' is not connected to any nets. (LINT-28)
Warning: In design 'sigmaE', port 'y[2][22][1]' is not connected to any nets. (LINT-28)
Warning: In design 'sigmaE', port 'y[2][22][0]' is not connected to any nets. (LINT-28)
Warning: In design 'sigmaE', port 'y[2][21][5]' is not connected to any nets. (LINT-28)
Warning: In design 'sigmaE', port 'y[2][21][4]' is not connected to any nets. (LINT-28)
Warning: In design 'sigmaE', port 'y[2][21][3]' is not connected to any nets. (LINT-28)
Warning: In design 'sigmaE', port 'y[2][21][2]' is not connected to any nets. (LINT-28)
Warning: In design 'sigmaE', port 'y[2][21][1]' is not connected to any nets. (LINT-28)
Warning: In design 'sigmaE', port 'y[2][21][0]' is not connected to any nets. (LINT-28)
Warning: In design 'sigmaE', port 'y[2][20][5]' is not connected to any nets. (LINT-28)
Warning: In design 'sigmaE', port 'y[2][20][4]' is not connected to any nets. (LINT-28)
Warning: In design 'sigmaE', port 'y[2][20][3]' is not connected to any nets. (LINT-28)
Warning: In design 'sigmaE', port 'y[2][20][2]' is not connected to any nets. (LINT-28)
Warning: In design 'sigmaE', port 'y[2][20][1]' is not connected to any nets. (LINT-28)
Warning: In design 'sigmaE', port 'y[2][20][0]' is not connected to any nets. (LINT-28)
Warning: In design 'sigmaE', port 'y[2][19][5]' is not connected to any nets. (LINT-28)
Warning: In design 'sigmaE', port 'y[2][19][4]' is not connected to any nets. (LINT-28)
Warning: In design 'sigmaE', port 'y[2][19][3]' is not connected to any nets. (LINT-28)
Warning: In design 'sigmaE', port 'y[2][19][2]' is not connected to any nets. (LINT-28)
Warning: In design 'sigmaE', port 'y[2][19][1]' is not connected to any nets. (LINT-28)
Warning: In design 'sigmaE', port 'y[2][19][0]' is not connected to any nets. (LINT-28)
Warning: In design 'sigmaE', port 'y[2][18][5]' is not connected to any nets. (LINT-28)
Warning: In design 'sigmaE', port 'y[2][18][4]' is not connected to any nets. (LINT-28)
Warning: In design 'sigmaE', port 'y[2][18][3]' is not connected to any nets. (LINT-28)
Warning: In design 'sigmaE', port 'y[2][18][2]' is not connected to any nets. (LINT-28)
Warning: In design 'sigmaE', port 'y[2][18][1]' is not connected to any nets. (LINT-28)
Warning: In design 'sigmaE', port 'y[2][18][0]' is not connected to any nets. (LINT-28)
Warning: In design 'sigmaE', port 'y[2][17][5]' is not connected to any nets. (LINT-28)
Warning: In design 'sigmaE', port 'y[2][17][4]' is not connected to any nets. (LINT-28)
Warning: In design 'sigmaE', port 'y[2][17][3]' is not connected to any nets. (LINT-28)
Warning: In design 'sigmaE', port 'y[2][17][2]' is not connected to any nets. (LINT-28)
Warning: In design 'sigmaE', port 'y[2][17][1]' is not connected to any nets. (LINT-28)
Warning: In design 'sigmaE', port 'y[2][17][0]' is not connected to any nets. (LINT-28)
Warning: In design 'sigmaE', port 'y[2][16][5]' is not connected to any nets. (LINT-28)
Warning: In design 'sigmaE', port 'y[2][16][4]' is not connected to any nets. (LINT-28)
Warning: In design 'sigmaE', port 'y[2][16][3]' is not connected to any nets. (LINT-28)
Warning: In design 'sigmaE', port 'y[2][16][2]' is not connected to any nets. (LINT-28)
Warning: In design 'sigmaE', port 'y[2][16][1]' is not connected to any nets. (LINT-28)
Warning: In design 'sigmaE', port 'y[2][16][0]' is not connected to any nets. (LINT-28)
Warning: In design 'sigmaE', port 'y[2][15][5]' is not connected to any nets. (LINT-28)
Warning: In design 'sigmaE', port 'y[2][15][4]' is not connected to any nets. (LINT-28)
Warning: In design 'sigmaE', port 'y[2][15][3]' is not connected to any nets. (LINT-28)
Warning: In design 'sigmaE', port 'y[2][15][2]' is not connected to any nets. (LINT-28)
Warning: In design 'sigmaE', port 'y[2][15][1]' is not connected to any nets. (LINT-28)
Warning: In design 'sigmaE', port 'y[2][15][0]' is not connected to any nets. (LINT-28)
Warning: In design 'sigmaE', port 'y[2][14][5]' is not connected to any nets. (LINT-28)
Warning: In design 'sigmaE', port 'y[2][14][4]' is not connected to any nets. (LINT-28)
Warning: In design 'sigmaE', port 'y[2][14][3]' is not connected to any nets. (LINT-28)
Warning: In design 'sigmaE', port 'y[2][14][2]' is not connected to any nets. (LINT-28)
Warning: In design 'sigmaE', port 'y[2][14][1]' is not connected to any nets. (LINT-28)
Warning: In design 'sigmaE', port 'y[2][14][0]' is not connected to any nets. (LINT-28)
Warning: In design 'sigmaE', port 'y[2][13][5]' is not connected to any nets. (LINT-28)
Warning: In design 'sigmaE', port 'y[2][13][4]' is not connected to any nets. (LINT-28)
Warning: In design 'sigmaE', port 'y[2][13][3]' is not connected to any nets. (LINT-28)
Warning: In design 'sigmaE', port 'y[2][13][2]' is not connected to any nets. (LINT-28)
Warning: In design 'sigmaE', port 'y[2][13][1]' is not connected to any nets. (LINT-28)
Warning: In design 'sigmaE', port 'y[2][13][0]' is not connected to any nets. (LINT-28)
Warning: In design 'sigmaE', port 'y[2][12][5]' is not connected to any nets. (LINT-28)
Warning: In design 'sigmaE', port 'y[2][12][4]' is not connected to any nets. (LINT-28)
Warning: In design 'sigmaE', port 'y[2][12][3]' is not connected to any nets. (LINT-28)
Warning: In design 'sigmaE', port 'y[2][12][2]' is not connected to any nets. (LINT-28)
Warning: In design 'sigmaE', port 'y[2][12][1]' is not connected to any nets. (LINT-28)
Warning: In design 'sigmaE', port 'y[2][12][0]' is not connected to any nets. (LINT-28)
Warning: In design 'sigmaE', port 'y[2][11][5]' is not connected to any nets. (LINT-28)
Warning: In design 'sigmaE', port 'y[2][11][4]' is not connected to any nets. (LINT-28)
Warning: In design 'sigmaE', port 'y[2][11][3]' is not connected to any nets. (LINT-28)
Warning: In design 'sigmaE', port 'y[2][11][2]' is not connected to any nets. (LINT-28)
Warning: In design 'sigmaE', port 'y[2][11][1]' is not connected to any nets. (LINT-28)
Warning: In design 'sigmaE', port 'y[2][11][0]' is not connected to any nets. (LINT-28)
Warning: In design 'sigmaE', port 'y[2][10][5]' is not connected to any nets. (LINT-28)
Warning: In design 'sigmaE', port 'y[2][10][4]' is not connected to any nets. (LINT-28)
Warning: In design 'sigmaE', port 'y[2][10][3]' is not connected to any nets. (LINT-28)
Warning: In design 'sigmaE', port 'y[2][10][2]' is not connected to any nets. (LINT-28)
Warning: In design 'sigmaE', port 'y[2][10][1]' is not connected to any nets. (LINT-28)
Warning: In design 'sigmaE', port 'y[2][10][0]' is not connected to any nets. (LINT-28)
Warning: In design 'sigmaE', port 'y[2][9][5]' is not connected to any nets. (LINT-28)
Warning: In design 'sigmaE', port 'y[2][9][4]' is not connected to any nets. (LINT-28)
Warning: In design 'sigmaE', port 'y[2][9][3]' is not connected to any nets. (LINT-28)
Warning: In design 'sigmaE', port 'y[2][9][2]' is not connected to any nets. (LINT-28)
Warning: In design 'sigmaE', port 'y[2][9][1]' is not connected to any nets. (LINT-28)
Warning: In design 'sigmaE', port 'y[2][9][0]' is not connected to any nets. (LINT-28)
Warning: In design 'sigmaE', port 'y[2][8][5]' is not connected to any nets. (LINT-28)
Warning: In design 'sigmaE', port 'y[2][8][4]' is not connected to any nets. (LINT-28)
Warning: In design 'sigmaE', port 'y[2][8][3]' is not connected to any nets. (LINT-28)
Warning: In design 'sigmaE', port 'y[2][8][2]' is not connected to any nets. (LINT-28)
Warning: In design 'sigmaE', port 'y[2][8][1]' is not connected to any nets. (LINT-28)
Warning: In design 'sigmaE', port 'y[2][8][0]' is not connected to any nets. (LINT-28)
Warning: In design 'sigmaE', port 'y[2][7][5]' is not connected to any nets. (LINT-28)
Warning: In design 'sigmaE', port 'y[2][7][4]' is not connected to any nets. (LINT-28)
Warning: In design 'sigmaE', port 'y[2][7][3]' is not connected to any nets. (LINT-28)
Warning: In design 'sigmaE', port 'y[2][7][2]' is not connected to any nets. (LINT-28)
Warning: In design 'sigmaE', port 'y[2][7][1]' is not connected to any nets. (LINT-28)
Warning: In design 'sigmaE', port 'y[2][7][0]' is not connected to any nets. (LINT-28)
Warning: In design 'sigmaE', port 'y[2][6][5]' is not connected to any nets. (LINT-28)
Warning: In design 'sigmaE', port 'y[2][6][4]' is not connected to any nets. (LINT-28)
Warning: In design 'sigmaE', port 'y[2][6][3]' is not connected to any nets. (LINT-28)
Warning: In design 'sigmaE', port 'y[2][6][2]' is not connected to any nets. (LINT-28)
Warning: In design 'sigmaE', port 'y[2][6][1]' is not connected to any nets. (LINT-28)
Warning: In design 'sigmaE', port 'y[2][6][0]' is not connected to any nets. (LINT-28)
Warning: In design 'sigmaE', port 'y[1][31][5]' is not connected to any nets. (LINT-28)
Warning: In design 'sigmaE', port 'y[1][31][4]' is not connected to any nets. (LINT-28)
Warning: In design 'sigmaE', port 'y[1][31][3]' is not connected to any nets. (LINT-28)
Warning: In design 'sigmaE', port 'y[1][31][2]' is not connected to any nets. (LINT-28)
Warning: In design 'sigmaE', port 'y[1][31][1]' is not connected to any nets. (LINT-28)
Warning: In design 'sigmaE', port 'y[1][31][0]' is not connected to any nets. (LINT-28)
Warning: In design 'sigmaE', port 'y[1][30][5]' is not connected to any nets. (LINT-28)
Warning: In design 'sigmaE', port 'y[1][30][4]' is not connected to any nets. (LINT-28)
Warning: In design 'sigmaE', port 'y[1][30][3]' is not connected to any nets. (LINT-28)
Warning: In design 'sigmaE', port 'y[1][30][2]' is not connected to any nets. (LINT-28)
Warning: In design 'sigmaE', port 'y[1][30][1]' is not connected to any nets. (LINT-28)
Warning: In design 'sigmaE', port 'y[1][30][0]' is not connected to any nets. (LINT-28)
Warning: In design 'sigmaE', port 'y[1][29][5]' is not connected to any nets. (LINT-28)
Warning: In design 'sigmaE', port 'y[1][29][4]' is not connected to any nets. (LINT-28)
Warning: In design 'sigmaE', port 'y[1][29][3]' is not connected to any nets. (LINT-28)
Warning: In design 'sigmaE', port 'y[1][29][2]' is not connected to any nets. (LINT-28)
Warning: In design 'sigmaE', port 'y[1][29][1]' is not connected to any nets. (LINT-28)
Warning: In design 'sigmaE', port 'y[1][29][0]' is not connected to any nets. (LINT-28)
Warning: In design 'sigmaE', port 'y[1][28][5]' is not connected to any nets. (LINT-28)
Warning: In design 'sigmaE', port 'y[1][28][4]' is not connected to any nets. (LINT-28)
Warning: In design 'sigmaE', port 'y[1][28][3]' is not connected to any nets. (LINT-28)
Warning: In design 'sigmaE', port 'y[1][28][2]' is not connected to any nets. (LINT-28)
Warning: In design 'sigmaE', port 'y[1][28][1]' is not connected to any nets. (LINT-28)
Warning: In design 'sigmaE', port 'y[1][28][0]' is not connected to any nets. (LINT-28)
Warning: In design 'sigmaE', port 'y[1][27][5]' is not connected to any nets. (LINT-28)
Warning: In design 'sigmaE', port 'y[1][27][4]' is not connected to any nets. (LINT-28)
Warning: In design 'sigmaE', port 'y[1][27][3]' is not connected to any nets. (LINT-28)
Warning: In design 'sigmaE', port 'y[1][27][2]' is not connected to any nets. (LINT-28)
Warning: In design 'sigmaE', port 'y[1][27][1]' is not connected to any nets. (LINT-28)
Warning: In design 'sigmaE', port 'y[1][27][0]' is not connected to any nets. (LINT-28)
Warning: In design 'sigmaE', port 'y[1][26][5]' is not connected to any nets. (LINT-28)
Warning: In design 'sigmaE', port 'y[1][26][4]' is not connected to any nets. (LINT-28)
Warning: In design 'sigmaE', port 'y[1][26][3]' is not connected to any nets. (LINT-28)
Warning: In design 'sigmaE', port 'y[1][26][2]' is not connected to any nets. (LINT-28)
Warning: In design 'sigmaE', port 'y[1][26][1]' is not connected to any nets. (LINT-28)
Warning: In design 'sigmaE', port 'y[1][26][0]' is not connected to any nets. (LINT-28)
Warning: In design 'sigmaE', port 'y[1][25][5]' is not connected to any nets. (LINT-28)
Warning: In design 'sigmaE', port 'y[1][25][4]' is not connected to any nets. (LINT-28)
Warning: In design 'sigmaE', port 'y[1][25][3]' is not connected to any nets. (LINT-28)
Warning: In design 'sigmaE', port 'y[1][25][2]' is not connected to any nets. (LINT-28)
Warning: In design 'sigmaE', port 'y[1][25][1]' is not connected to any nets. (LINT-28)
Warning: In design 'sigmaE', port 'y[1][25][0]' is not connected to any nets. (LINT-28)
Warning: In design 'sigmaE', port 'y[1][24][5]' is not connected to any nets. (LINT-28)
Warning: In design 'sigmaE', port 'y[1][24][4]' is not connected to any nets. (LINT-28)
Warning: In design 'sigmaE', port 'y[1][24][3]' is not connected to any nets. (LINT-28)
Warning: In design 'sigmaE', port 'y[1][24][2]' is not connected to any nets. (LINT-28)
Warning: In design 'sigmaE', port 'y[1][24][1]' is not connected to any nets. (LINT-28)
Warning: In design 'sigmaE', port 'y[1][24][0]' is not connected to any nets. (LINT-28)
Warning: In design 'sigmaE', port 'y[1][23][5]' is not connected to any nets. (LINT-28)
Warning: In design 'sigmaE', port 'y[1][23][4]' is not connected to any nets. (LINT-28)
Warning: In design 'sigmaE', port 'y[1][23][3]' is not connected to any nets. (LINT-28)
Warning: In design 'sigmaE', port 'y[1][23][2]' is not connected to any nets. (LINT-28)
Warning: In design 'sigmaE', port 'y[1][23][1]' is not connected to any nets. (LINT-28)
Warning: In design 'sigmaE', port 'y[1][23][0]' is not connected to any nets. (LINT-28)
Warning: In design 'sigmaE', port 'y[1][22][5]' is not connected to any nets. (LINT-28)
Warning: In design 'sigmaE', port 'y[1][22][4]' is not connected to any nets. (LINT-28)
Warning: In design 'sigmaE', port 'y[1][22][3]' is not connected to any nets. (LINT-28)
Warning: In design 'sigmaE', port 'y[1][22][2]' is not connected to any nets. (LINT-28)
Warning: In design 'sigmaE', port 'y[1][22][1]' is not connected to any nets. (LINT-28)
Warning: In design 'sigmaE', port 'y[1][22][0]' is not connected to any nets. (LINT-28)
Warning: In design 'sigmaE', port 'y[1][21][5]' is not connected to any nets. (LINT-28)
Warning: In design 'sigmaE', port 'y[1][21][4]' is not connected to any nets. (LINT-28)
Warning: In design 'sigmaE', port 'y[1][21][3]' is not connected to any nets. (LINT-28)
Warning: In design 'sigmaE', port 'y[1][21][2]' is not connected to any nets. (LINT-28)
Warning: In design 'sigmaE', port 'y[1][21][1]' is not connected to any nets. (LINT-28)
Warning: In design 'sigmaE', port 'y[1][21][0]' is not connected to any nets. (LINT-28)
Warning: In design 'sigmaE', port 'y[1][20][5]' is not connected to any nets. (LINT-28)
Warning: In design 'sigmaE', port 'y[1][20][4]' is not connected to any nets. (LINT-28)
Warning: In design 'sigmaE', port 'y[1][20][3]' is not connected to any nets. (LINT-28)
Warning: In design 'sigmaE', port 'y[1][20][2]' is not connected to any nets. (LINT-28)
Warning: In design 'sigmaE', port 'y[1][20][1]' is not connected to any nets. (LINT-28)
Warning: In design 'sigmaE', port 'y[1][20][0]' is not connected to any nets. (LINT-28)
Warning: In design 'sigmaE', port 'y[1][19][5]' is not connected to any nets. (LINT-28)
Warning: In design 'sigmaE', port 'y[1][19][4]' is not connected to any nets. (LINT-28)
Warning: In design 'sigmaE', port 'y[1][19][3]' is not connected to any nets. (LINT-28)
Warning: In design 'sigmaE', port 'y[1][19][2]' is not connected to any nets. (LINT-28)
Warning: In design 'sigmaE', port 'y[1][19][1]' is not connected to any nets. (LINT-28)
Warning: In design 'sigmaE', port 'y[1][19][0]' is not connected to any nets. (LINT-28)
Warning: In design 'sigmaE', port 'y[1][18][5]' is not connected to any nets. (LINT-28)
Warning: In design 'sigmaE', port 'y[1][18][4]' is not connected to any nets. (LINT-28)
Warning: In design 'sigmaE', port 'y[1][18][3]' is not connected to any nets. (LINT-28)
Warning: In design 'sigmaE', port 'y[1][18][2]' is not connected to any nets. (LINT-28)
Warning: In design 'sigmaE', port 'y[1][18][1]' is not connected to any nets. (LINT-28)
Warning: In design 'sigmaE', port 'y[1][18][0]' is not connected to any nets. (LINT-28)
Warning: In design 'sigmaE', port 'y[1][17][5]' is not connected to any nets. (LINT-28)
Warning: In design 'sigmaE', port 'y[1][17][4]' is not connected to any nets. (LINT-28)
Warning: In design 'sigmaE', port 'y[1][17][3]' is not connected to any nets. (LINT-28)
Warning: In design 'sigmaE', port 'y[1][17][2]' is not connected to any nets. (LINT-28)
Warning: In design 'sigmaE', port 'y[1][17][1]' is not connected to any nets. (LINT-28)
Warning: In design 'sigmaE', port 'y[1][17][0]' is not connected to any nets. (LINT-28)
Warning: In design 'sigmaE', port 'y[1][16][5]' is not connected to any nets. (LINT-28)
Warning: In design 'sigmaE', port 'y[1][16][4]' is not connected to any nets. (LINT-28)
Warning: In design 'sigmaE', port 'y[1][16][3]' is not connected to any nets. (LINT-28)
Warning: In design 'sigmaE', port 'y[1][16][2]' is not connected to any nets. (LINT-28)
Warning: In design 'sigmaE', port 'y[1][16][1]' is not connected to any nets. (LINT-28)
Warning: In design 'sigmaE', port 'y[1][16][0]' is not connected to any nets. (LINT-28)
Warning: In design 'sigmaE', port 'y[1][15][5]' is not connected to any nets. (LINT-28)
Warning: In design 'sigmaE', port 'y[1][15][4]' is not connected to any nets. (LINT-28)
Warning: In design 'sigmaE', port 'y[1][15][3]' is not connected to any nets. (LINT-28)
Warning: In design 'sigmaE', port 'y[1][15][2]' is not connected to any nets. (LINT-28)
Warning: In design 'sigmaE', port 'y[1][15][1]' is not connected to any nets. (LINT-28)
Warning: In design 'sigmaE', port 'y[1][15][0]' is not connected to any nets. (LINT-28)
Warning: In design 'sigmaE', port 'y[1][14][5]' is not connected to any nets. (LINT-28)
Warning: In design 'sigmaE', port 'y[1][14][4]' is not connected to any nets. (LINT-28)
Warning: In design 'sigmaE', port 'y[1][14][3]' is not connected to any nets. (LINT-28)
Warning: In design 'sigmaE', port 'y[1][14][2]' is not connected to any nets. (LINT-28)
Warning: In design 'sigmaE', port 'y[1][14][1]' is not connected to any nets. (LINT-28)
Warning: In design 'sigmaE', port 'y[1][14][0]' is not connected to any nets. (LINT-28)
Warning: In design 'sigmaE', port 'y[1][13][5]' is not connected to any nets. (LINT-28)
Warning: In design 'sigmaE', port 'y[1][13][4]' is not connected to any nets. (LINT-28)
Warning: In design 'sigmaE', port 'y[1][13][3]' is not connected to any nets. (LINT-28)
Warning: In design 'sigmaE', port 'y[1][13][2]' is not connected to any nets. (LINT-28)
Warning: In design 'sigmaE', port 'y[1][13][1]' is not connected to any nets. (LINT-28)
Warning: In design 'sigmaE', port 'y[1][13][0]' is not connected to any nets. (LINT-28)
Warning: In design 'sigmaE', port 'y[1][12][5]' is not connected to any nets. (LINT-28)
Warning: In design 'sigmaE', port 'y[1][12][4]' is not connected to any nets. (LINT-28)
Warning: In design 'sigmaE', port 'y[1][12][3]' is not connected to any nets. (LINT-28)
Warning: In design 'sigmaE', port 'y[1][12][2]' is not connected to any nets. (LINT-28)
Warning: In design 'sigmaE', port 'y[1][12][1]' is not connected to any nets. (LINT-28)
Warning: In design 'sigmaE', port 'y[1][12][0]' is not connected to any nets. (LINT-28)
Warning: In design 'sigmaE', port 'y[1][11][5]' is not connected to any nets. (LINT-28)
Warning: In design 'sigmaE', port 'y[1][11][4]' is not connected to any nets. (LINT-28)
Warning: In design 'sigmaE', port 'y[1][11][3]' is not connected to any nets. (LINT-28)
Warning: In design 'sigmaE', port 'y[1][11][2]' is not connected to any nets. (LINT-28)
Warning: In design 'sigmaE', port 'y[1][11][1]' is not connected to any nets. (LINT-28)
Warning: In design 'sigmaE', port 'y[1][11][0]' is not connected to any nets. (LINT-28)
Warning: In design 'sigmaE', port 'y[1][10][5]' is not connected to any nets. (LINT-28)
Warning: In design 'sigmaE', port 'y[1][10][4]' is not connected to any nets. (LINT-28)
Warning: In design 'sigmaE', port 'y[1][10][3]' is not connected to any nets. (LINT-28)
Warning: In design 'sigmaE', port 'y[1][10][2]' is not connected to any nets. (LINT-28)
Warning: In design 'sigmaE', port 'y[1][10][1]' is not connected to any nets. (LINT-28)
Warning: In design 'sigmaE', port 'y[1][10][0]' is not connected to any nets. (LINT-28)
Warning: In design 'sigmaE', port 'y[1][9][5]' is not connected to any nets. (LINT-28)
Warning: In design 'sigmaE', port 'y[1][9][4]' is not connected to any nets. (LINT-28)
Warning: In design 'sigmaE', port 'y[1][9][3]' is not connected to any nets. (LINT-28)
Warning: In design 'sigmaE', port 'y[1][9][2]' is not connected to any nets. (LINT-28)
Warning: In design 'sigmaE', port 'y[1][9][1]' is not connected to any nets. (LINT-28)
Warning: In design 'sigmaE', port 'y[1][9][0]' is not connected to any nets. (LINT-28)
Warning: In design 'sigmaE', port 'y[1][8][5]' is not connected to any nets. (LINT-28)
Warning: In design 'sigmaE', port 'y[1][8][4]' is not connected to any nets. (LINT-28)
Warning: In design 'sigmaE', port 'y[1][8][3]' is not connected to any nets. (LINT-28)
Warning: In design 'sigmaE', port 'y[1][8][2]' is not connected to any nets. (LINT-28)
Warning: In design 'sigmaE', port 'y[1][8][1]' is not connected to any nets. (LINT-28)
Warning: In design 'sigmaE', port 'y[1][8][0]' is not connected to any nets. (LINT-28)
Warning: In design 'sigmaE', port 'y[1][7][5]' is not connected to any nets. (LINT-28)
Warning: In design 'sigmaE', port 'y[1][7][4]' is not connected to any nets. (LINT-28)
Warning: In design 'sigmaE', port 'y[1][7][3]' is not connected to any nets. (LINT-28)
Warning: In design 'sigmaE', port 'y[1][7][2]' is not connected to any nets. (LINT-28)
Warning: In design 'sigmaE', port 'y[1][7][1]' is not connected to any nets. (LINT-28)
Warning: In design 'sigmaE', port 'y[1][7][0]' is not connected to any nets. (LINT-28)
Warning: In design 'sigmaE', port 'y[1][6][5]' is not connected to any nets. (LINT-28)
Warning: In design 'sigmaE', port 'y[1][6][4]' is not connected to any nets. (LINT-28)
Warning: In design 'sigmaE', port 'y[1][6][3]' is not connected to any nets. (LINT-28)
Warning: In design 'sigmaE', port 'y[1][6][2]' is not connected to any nets. (LINT-28)
Warning: In design 'sigmaE', port 'y[1][6][1]' is not connected to any nets. (LINT-28)
Warning: In design 'sigmaE', port 'y[1][6][0]' is not connected to any nets. (LINT-28)
Warning: In design 'sigmaE', port 'y[0][31][5]' is not connected to any nets. (LINT-28)
Warning: In design 'sigmaE', port 'y[0][31][4]' is not connected to any nets. (LINT-28)
Warning: In design 'sigmaE', port 'y[0][31][3]' is not connected to any nets. (LINT-28)
Warning: In design 'sigmaE', port 'y[0][31][2]' is not connected to any nets. (LINT-28)
Warning: In design 'sigmaE', port 'y[0][31][1]' is not connected to any nets. (LINT-28)
Warning: In design 'sigmaE', port 'y[0][31][0]' is not connected to any nets. (LINT-28)
Warning: In design 'sigmaE', port 'y[0][30][5]' is not connected to any nets. (LINT-28)
Warning: In design 'sigmaE', port 'y[0][30][4]' is not connected to any nets. (LINT-28)
Warning: In design 'sigmaE', port 'y[0][30][3]' is not connected to any nets. (LINT-28)
Warning: In design 'sigmaE', port 'y[0][30][2]' is not connected to any nets. (LINT-28)
Warning: In design 'sigmaE', port 'y[0][30][1]' is not connected to any nets. (LINT-28)
Warning: In design 'sigmaE', port 'y[0][30][0]' is not connected to any nets. (LINT-28)
Warning: In design 'sigmaE', port 'y[0][29][5]' is not connected to any nets. (LINT-28)
Warning: In design 'sigmaE', port 'y[0][29][4]' is not connected to any nets. (LINT-28)
Warning: In design 'sigmaE', port 'y[0][29][3]' is not connected to any nets. (LINT-28)
Warning: In design 'sigmaE', port 'y[0][29][2]' is not connected to any nets. (LINT-28)
Warning: In design 'sigmaE', port 'y[0][29][1]' is not connected to any nets. (LINT-28)
Warning: In design 'sigmaE', port 'y[0][29][0]' is not connected to any nets. (LINT-28)
Warning: In design 'sigmaE', port 'y[0][28][5]' is not connected to any nets. (LINT-28)
Warning: In design 'sigmaE', port 'y[0][28][4]' is not connected to any nets. (LINT-28)
Warning: In design 'sigmaE', port 'y[0][28][3]' is not connected to any nets. (LINT-28)
Warning: In design 'sigmaE', port 'y[0][28][2]' is not connected to any nets. (LINT-28)
Warning: In design 'sigmaE', port 'y[0][28][1]' is not connected to any nets. (LINT-28)
Warning: In design 'sigmaE', port 'y[0][28][0]' is not connected to any nets. (LINT-28)
Warning: In design 'sigmaE', port 'y[0][27][5]' is not connected to any nets. (LINT-28)
Warning: In design 'sigmaE', port 'y[0][27][4]' is not connected to any nets. (LINT-28)
Warning: In design 'sigmaE', port 'y[0][27][3]' is not connected to any nets. (LINT-28)
Warning: In design 'sigmaE', port 'y[0][27][2]' is not connected to any nets. (LINT-28)
Warning: In design 'sigmaE', port 'y[0][27][1]' is not connected to any nets. (LINT-28)
Warning: In design 'sigmaE', port 'y[0][27][0]' is not connected to any nets. (LINT-28)
Warning: In design 'sigmaE', port 'y[0][26][5]' is not connected to any nets. (LINT-28)
Warning: In design 'sigmaE', port 'y[0][26][4]' is not connected to any nets. (LINT-28)
Warning: In design 'sigmaE', port 'y[0][26][3]' is not connected to any nets. (LINT-28)
Warning: In design 'sigmaE', port 'y[0][26][2]' is not connected to any nets. (LINT-28)
Warning: In design 'sigmaE', port 'y[0][26][1]' is not connected to any nets. (LINT-28)
Warning: In design 'sigmaE', port 'y[0][26][0]' is not connected to any nets. (LINT-28)
Warning: In design 'sigmaE', port 'y[0][25][5]' is not connected to any nets. (LINT-28)
Warning: In design 'sigmaE', port 'y[0][25][4]' is not connected to any nets. (LINT-28)
Warning: In design 'sigmaE', port 'y[0][25][3]' is not connected to any nets. (LINT-28)
Warning: In design 'sigmaE', port 'y[0][25][2]' is not connected to any nets. (LINT-28)
Warning: In design 'sigmaE', port 'y[0][25][1]' is not connected to any nets. (LINT-28)
Warning: In design 'sigmaE', port 'y[0][25][0]' is not connected to any nets. (LINT-28)
Warning: In design 'sigmaE', port 'y[0][24][5]' is not connected to any nets. (LINT-28)
Warning: In design 'sigmaE', port 'y[0][24][4]' is not connected to any nets. (LINT-28)
Warning: In design 'sigmaE', port 'y[0][24][3]' is not connected to any nets. (LINT-28)
Warning: In design 'sigmaE', port 'y[0][24][2]' is not connected to any nets. (LINT-28)
Warning: In design 'sigmaE', port 'y[0][24][1]' is not connected to any nets. (LINT-28)
Warning: In design 'sigmaE', port 'y[0][24][0]' is not connected to any nets. (LINT-28)
Warning: In design 'sigmaE', port 'y[0][23][5]' is not connected to any nets. (LINT-28)
Warning: In design 'sigmaE', port 'y[0][23][4]' is not connected to any nets. (LINT-28)
Warning: In design 'sigmaE', port 'y[0][23][3]' is not connected to any nets. (LINT-28)
Warning: In design 'sigmaE', port 'y[0][23][2]' is not connected to any nets. (LINT-28)
Warning: In design 'sigmaE', port 'y[0][23][1]' is not connected to any nets. (LINT-28)
Warning: In design 'sigmaE', port 'y[0][23][0]' is not connected to any nets. (LINT-28)
Warning: In design 'sigmaE', port 'y[0][22][5]' is not connected to any nets. (LINT-28)
Warning: In design 'sigmaE', port 'y[0][22][4]' is not connected to any nets. (LINT-28)
Warning: In design 'sigmaE', port 'y[0][22][3]' is not connected to any nets. (LINT-28)
Warning: In design 'sigmaE', port 'y[0][22][2]' is not connected to any nets. (LINT-28)
Warning: In design 'sigmaE', port 'y[0][22][1]' is not connected to any nets. (LINT-28)
Warning: In design 'sigmaE', port 'y[0][22][0]' is not connected to any nets. (LINT-28)
Warning: In design 'sigmaE', port 'y[0][21][5]' is not connected to any nets. (LINT-28)
Warning: In design 'sigmaE', port 'y[0][21][4]' is not connected to any nets. (LINT-28)
Warning: In design 'sigmaE', port 'y[0][21][3]' is not connected to any nets. (LINT-28)
Warning: In design 'sigmaE', port 'y[0][21][2]' is not connected to any nets. (LINT-28)
Warning: In design 'sigmaE', port 'y[0][21][1]' is not connected to any nets. (LINT-28)
Warning: In design 'sigmaE', port 'y[0][21][0]' is not connected to any nets. (LINT-28)
Warning: In design 'sigmaE', port 'y[0][20][5]' is not connected to any nets. (LINT-28)
Warning: In design 'sigmaE', port 'y[0][20][4]' is not connected to any nets. (LINT-28)
Warning: In design 'sigmaE', port 'y[0][20][3]' is not connected to any nets. (LINT-28)
Warning: In design 'sigmaE', port 'y[0][20][2]' is not connected to any nets. (LINT-28)
Warning: In design 'sigmaE', port 'y[0][20][1]' is not connected to any nets. (LINT-28)
Warning: In design 'sigmaE', port 'y[0][20][0]' is not connected to any nets. (LINT-28)
Warning: In design 'sigmaE', port 'y[0][19][5]' is not connected to any nets. (LINT-28)
Warning: In design 'sigmaE', port 'y[0][19][4]' is not connected to any nets. (LINT-28)
Warning: In design 'sigmaE', port 'y[0][19][3]' is not connected to any nets. (LINT-28)
Warning: In design 'sigmaE', port 'y[0][19][2]' is not connected to any nets. (LINT-28)
Warning: In design 'sigmaE', port 'y[0][19][1]' is not connected to any nets. (LINT-28)
Warning: In design 'sigmaE', port 'y[0][19][0]' is not connected to any nets. (LINT-28)
Warning: In design 'sigmaE', port 'y[0][18][5]' is not connected to any nets. (LINT-28)
Warning: In design 'sigmaE', port 'y[0][18][4]' is not connected to any nets. (LINT-28)
Warning: In design 'sigmaE', port 'y[0][18][3]' is not connected to any nets. (LINT-28)
Warning: In design 'sigmaE', port 'y[0][18][2]' is not connected to any nets. (LINT-28)
Warning: In design 'sigmaE', port 'y[0][18][1]' is not connected to any nets. (LINT-28)
Warning: In design 'sigmaE', port 'y[0][18][0]' is not connected to any nets. (LINT-28)
Warning: In design 'sigmaE', port 'y[0][17][5]' is not connected to any nets. (LINT-28)
Warning: In design 'sigmaE', port 'y[0][17][4]' is not connected to any nets. (LINT-28)
Warning: In design 'sigmaE', port 'y[0][17][3]' is not connected to any nets. (LINT-28)
Warning: In design 'sigmaE', port 'y[0][17][2]' is not connected to any nets. (LINT-28)
Warning: In design 'sigmaE', port 'y[0][17][1]' is not connected to any nets. (LINT-28)
Warning: In design 'sigmaE', port 'y[0][17][0]' is not connected to any nets. (LINT-28)
Warning: In design 'sigmaE', port 'y[0][16][5]' is not connected to any nets. (LINT-28)
Warning: In design 'sigmaE', port 'y[0][16][4]' is not connected to any nets. (LINT-28)
Warning: In design 'sigmaE', port 'y[0][16][3]' is not connected to any nets. (LINT-28)
Warning: In design 'sigmaE', port 'y[0][16][2]' is not connected to any nets. (LINT-28)
Warning: In design 'sigmaE', port 'y[0][16][1]' is not connected to any nets. (LINT-28)
Warning: In design 'sigmaE', port 'y[0][16][0]' is not connected to any nets. (LINT-28)
Warning: In design 'sigmaE', port 'y[0][15][5]' is not connected to any nets. (LINT-28)
Warning: In design 'sigmaE', port 'y[0][15][4]' is not connected to any nets. (LINT-28)
Warning: In design 'sigmaE', port 'y[0][15][3]' is not connected to any nets. (LINT-28)
Warning: In design 'sigmaE', port 'y[0][15][2]' is not connected to any nets. (LINT-28)
Warning: In design 'sigmaE', port 'y[0][15][1]' is not connected to any nets. (LINT-28)
Warning: In design 'sigmaE', port 'y[0][15][0]' is not connected to any nets. (LINT-28)
Warning: In design 'sigmaE', port 'y[0][14][5]' is not connected to any nets. (LINT-28)
Warning: In design 'sigmaE', port 'y[0][14][4]' is not connected to any nets. (LINT-28)
Warning: In design 'sigmaE', port 'y[0][14][3]' is not connected to any nets. (LINT-28)
Warning: In design 'sigmaE', port 'y[0][14][2]' is not connected to any nets. (LINT-28)
Warning: In design 'sigmaE', port 'y[0][14][1]' is not connected to any nets. (LINT-28)
Warning: In design 'sigmaE', port 'y[0][14][0]' is not connected to any nets. (LINT-28)
Warning: In design 'sigmaE', port 'y[0][13][5]' is not connected to any nets. (LINT-28)
Warning: In design 'sigmaE', port 'y[0][13][4]' is not connected to any nets. (LINT-28)
Warning: In design 'sigmaE', port 'y[0][13][3]' is not connected to any nets. (LINT-28)
Warning: In design 'sigmaE', port 'y[0][13][2]' is not connected to any nets. (LINT-28)
Warning: In design 'sigmaE', port 'y[0][13][1]' is not connected to any nets. (LINT-28)
Warning: In design 'sigmaE', port 'y[0][13][0]' is not connected to any nets. (LINT-28)
Warning: In design 'sigmaE', port 'y[0][12][5]' is not connected to any nets. (LINT-28)
Warning: In design 'sigmaE', port 'y[0][12][4]' is not connected to any nets. (LINT-28)
Warning: In design 'sigmaE', port 'y[0][12][3]' is not connected to any nets. (LINT-28)
Warning: In design 'sigmaE', port 'y[0][12][2]' is not connected to any nets. (LINT-28)
Warning: In design 'sigmaE', port 'y[0][12][1]' is not connected to any nets. (LINT-28)
Warning: In design 'sigmaE', port 'y[0][12][0]' is not connected to any nets. (LINT-28)
Warning: In design 'sigmaE', port 'y[0][11][5]' is not connected to any nets. (LINT-28)
Warning: In design 'sigmaE', port 'y[0][11][4]' is not connected to any nets. (LINT-28)
Warning: In design 'sigmaE', port 'y[0][11][3]' is not connected to any nets. (LINT-28)
Warning: In design 'sigmaE', port 'y[0][11][2]' is not connected to any nets. (LINT-28)
Warning: In design 'sigmaE', port 'y[0][11][1]' is not connected to any nets. (LINT-28)
Warning: In design 'sigmaE', port 'y[0][11][0]' is not connected to any nets. (LINT-28)
Warning: In design 'sigmaE', port 'y[0][10][5]' is not connected to any nets. (LINT-28)
Warning: In design 'sigmaE', port 'y[0][10][4]' is not connected to any nets. (LINT-28)
Warning: In design 'sigmaE', port 'y[0][10][3]' is not connected to any nets. (LINT-28)
Warning: In design 'sigmaE', port 'y[0][10][2]' is not connected to any nets. (LINT-28)
Warning: In design 'sigmaE', port 'y[0][10][1]' is not connected to any nets. (LINT-28)
Warning: In design 'sigmaE', port 'y[0][10][0]' is not connected to any nets. (LINT-28)
Warning: In design 'sigmaE', port 'y[0][9][5]' is not connected to any nets. (LINT-28)
Warning: In design 'sigmaE', port 'y[0][9][4]' is not connected to any nets. (LINT-28)
Warning: In design 'sigmaE', port 'y[0][9][3]' is not connected to any nets. (LINT-28)
Warning: In design 'sigmaE', port 'y[0][9][2]' is not connected to any nets. (LINT-28)
Warning: In design 'sigmaE', port 'y[0][9][1]' is not connected to any nets. (LINT-28)
Warning: In design 'sigmaE', port 'y[0][9][0]' is not connected to any nets. (LINT-28)
Warning: In design 'sigmaE', port 'y[0][8][5]' is not connected to any nets. (LINT-28)
Warning: In design 'sigmaE', port 'y[0][8][4]' is not connected to any nets. (LINT-28)
Warning: In design 'sigmaE', port 'y[0][8][3]' is not connected to any nets. (LINT-28)
Warning: In design 'sigmaE', port 'y[0][8][2]' is not connected to any nets. (LINT-28)
Warning: In design 'sigmaE', port 'y[0][8][1]' is not connected to any nets. (LINT-28)
Warning: In design 'sigmaE', port 'y[0][8][0]' is not connected to any nets. (LINT-28)
Warning: In design 'sigmaE', port 'y[0][7][5]' is not connected to any nets. (LINT-28)
Warning: In design 'sigmaE', port 'y[0][7][4]' is not connected to any nets. (LINT-28)
Warning: In design 'sigmaE', port 'y[0][7][3]' is not connected to any nets. (LINT-28)
Warning: In design 'sigmaE', port 'y[0][7][2]' is not connected to any nets. (LINT-28)
Warning: In design 'sigmaE', port 'y[0][7][1]' is not connected to any nets. (LINT-28)
Warning: In design 'sigmaE', port 'y[0][7][0]' is not connected to any nets. (LINT-28)
Warning: In design 'sigmaE', port 'y[0][6][5]' is not connected to any nets. (LINT-28)
Warning: In design 'sigmaE', port 'y[0][6][4]' is not connected to any nets. (LINT-28)
Warning: In design 'sigmaE', port 'y[0][6][3]' is not connected to any nets. (LINT-28)
Warning: In design 'sigmaE', port 'y[0][6][2]' is not connected to any nets. (LINT-28)
Warning: In design 'sigmaE', port 'y[0][6][1]' is not connected to any nets. (LINT-28)
Warning: In design 'sigmaE', port 'y[0][6][0]' is not connected to any nets. (LINT-28)
Warning: In design 'sigmaEB', port 'sigmaE[3][31][5]' is not connected to any nets. (LINT-28)
Warning: In design 'sigmaEB', port 'sigmaE[3][31][4]' is not connected to any nets. (LINT-28)
Warning: In design 'sigmaEB', port 'sigmaE[3][31][3]' is not connected to any nets. (LINT-28)
Warning: In design 'sigmaEB', port 'sigmaE[3][31][2]' is not connected to any nets. (LINT-28)
Warning: In design 'sigmaEB', port 'sigmaE[3][31][1]' is not connected to any nets. (LINT-28)
Warning: In design 'sigmaEB', port 'sigmaE[3][31][0]' is not connected to any nets. (LINT-28)
Warning: In design 'sigmaEB', port 'sigmaE[3][30][5]' is not connected to any nets. (LINT-28)
Warning: In design 'sigmaEB', port 'sigmaE[3][30][4]' is not connected to any nets. (LINT-28)
Warning: In design 'sigmaEB', port 'sigmaE[3][30][3]' is not connected to any nets. (LINT-28)
Warning: In design 'sigmaEB', port 'sigmaE[3][30][2]' is not connected to any nets. (LINT-28)
Warning: In design 'sigmaEB', port 'sigmaE[3][30][1]' is not connected to any nets. (LINT-28)
Warning: In design 'sigmaEB', port 'sigmaE[3][30][0]' is not connected to any nets. (LINT-28)
Warning: In design 'sigmaEB', port 'sigmaE[3][29][5]' is not connected to any nets. (LINT-28)
Warning: In design 'sigmaEB', port 'sigmaE[3][29][4]' is not connected to any nets. (LINT-28)
Warning: In design 'sigmaEB', port 'sigmaE[3][29][3]' is not connected to any nets. (LINT-28)
Warning: In design 'sigmaEB', port 'sigmaE[3][29][2]' is not connected to any nets. (LINT-28)
Warning: In design 'sigmaEB', port 'sigmaE[3][29][1]' is not connected to any nets. (LINT-28)
Warning: In design 'sigmaEB', port 'sigmaE[3][29][0]' is not connected to any nets. (LINT-28)
Warning: In design 'sigmaEB', port 'sigmaE[3][28][5]' is not connected to any nets. (LINT-28)
Warning: In design 'sigmaEB', port 'sigmaE[3][28][4]' is not connected to any nets. (LINT-28)
Warning: In design 'sigmaEB', port 'sigmaE[3][28][3]' is not connected to any nets. (LINT-28)
Warning: In design 'sigmaEB', port 'sigmaE[3][28][2]' is not connected to any nets. (LINT-28)
Warning: In design 'sigmaEB', port 'sigmaE[3][28][1]' is not connected to any nets. (LINT-28)
Warning: In design 'sigmaEB', port 'sigmaE[3][28][0]' is not connected to any nets. (LINT-28)
Warning: In design 'sigmaEB', port 'sigmaE[3][27][5]' is not connected to any nets. (LINT-28)
Warning: In design 'sigmaEB', port 'sigmaE[3][27][4]' is not connected to any nets. (LINT-28)
Warning: In design 'sigmaEB', port 'sigmaE[3][27][3]' is not connected to any nets. (LINT-28)
Warning: In design 'sigmaEB', port 'sigmaE[3][27][2]' is not connected to any nets. (LINT-28)
Warning: In design 'sigmaEB', port 'sigmaE[3][27][1]' is not connected to any nets. (LINT-28)
Warning: In design 'sigmaEB', port 'sigmaE[3][27][0]' is not connected to any nets. (LINT-28)
Warning: In design 'sigmaEB', port 'sigmaE[3][26][5]' is not connected to any nets. (LINT-28)
Warning: In design 'sigmaEB', port 'sigmaE[3][26][4]' is not connected to any nets. (LINT-28)
Warning: In design 'sigmaEB', port 'sigmaE[3][26][3]' is not connected to any nets. (LINT-28)
Warning: In design 'sigmaEB', port 'sigmaE[3][26][2]' is not connected to any nets. (LINT-28)
Warning: In design 'sigmaEB', port 'sigmaE[3][26][1]' is not connected to any nets. (LINT-28)
Warning: In design 'sigmaEB', port 'sigmaE[3][26][0]' is not connected to any nets. (LINT-28)
Warning: In design 'sigmaEB', port 'sigmaE[3][25][5]' is not connected to any nets. (LINT-28)
Warning: In design 'sigmaEB', port 'sigmaE[3][25][4]' is not connected to any nets. (LINT-28)
Warning: In design 'sigmaEB', port 'sigmaE[3][25][3]' is not connected to any nets. (LINT-28)
Warning: In design 'sigmaEB', port 'sigmaE[3][25][2]' is not connected to any nets. (LINT-28)
Warning: In design 'sigmaEB', port 'sigmaE[3][25][1]' is not connected to any nets. (LINT-28)
Warning: In design 'sigmaEB', port 'sigmaE[3][25][0]' is not connected to any nets. (LINT-28)
Warning: In design 'sigmaEB', port 'sigmaE[3][24][5]' is not connected to any nets. (LINT-28)
Warning: In design 'sigmaEB', port 'sigmaE[3][24][4]' is not connected to any nets. (LINT-28)
Warning: In design 'sigmaEB', port 'sigmaE[3][24][3]' is not connected to any nets. (LINT-28)
Warning: In design 'sigmaEB', port 'sigmaE[3][24][2]' is not connected to any nets. (LINT-28)
Warning: In design 'sigmaEB', port 'sigmaE[3][24][1]' is not connected to any nets. (LINT-28)
Warning: In design 'sigmaEB', port 'sigmaE[3][24][0]' is not connected to any nets. (LINT-28)
Warning: In design 'sigmaEB', port 'sigmaE[3][23][5]' is not connected to any nets. (LINT-28)
Warning: In design 'sigmaEB', port 'sigmaE[3][23][4]' is not connected to any nets. (LINT-28)
Warning: In design 'sigmaEB', port 'sigmaE[3][23][3]' is not connected to any nets. (LINT-28)
Warning: In design 'sigmaEB', port 'sigmaE[3][23][2]' is not connected to any nets. (LINT-28)
Warning: In design 'sigmaEB', port 'sigmaE[3][23][1]' is not connected to any nets. (LINT-28)
Warning: In design 'sigmaEB', port 'sigmaE[3][23][0]' is not connected to any nets. (LINT-28)
Warning: In design 'sigmaEB', port 'sigmaE[3][22][5]' is not connected to any nets. (LINT-28)
Warning: In design 'sigmaEB', port 'sigmaE[3][22][4]' is not connected to any nets. (LINT-28)
Warning: In design 'sigmaEB', port 'sigmaE[3][22][3]' is not connected to any nets. (LINT-28)
Warning: In design 'sigmaEB', port 'sigmaE[3][22][2]' is not connected to any nets. (LINT-28)
Warning: In design 'sigmaEB', port 'sigmaE[3][22][1]' is not connected to any nets. (LINT-28)
Warning: In design 'sigmaEB', port 'sigmaE[3][22][0]' is not connected to any nets. (LINT-28)
Warning: In design 'sigmaEB', port 'sigmaE[3][21][5]' is not connected to any nets. (LINT-28)
Warning: In design 'sigmaEB', port 'sigmaE[3][21][4]' is not connected to any nets. (LINT-28)
Warning: In design 'sigmaEB', port 'sigmaE[3][21][3]' is not connected to any nets. (LINT-28)
Warning: In design 'sigmaEB', port 'sigmaE[3][21][2]' is not connected to any nets. (LINT-28)
Warning: In design 'sigmaEB', port 'sigmaE[3][21][1]' is not connected to any nets. (LINT-28)
Warning: In design 'sigmaEB', port 'sigmaE[3][21][0]' is not connected to any nets. (LINT-28)
Warning: In design 'sigmaEB', port 'sigmaE[3][20][5]' is not connected to any nets. (LINT-28)
Warning: In design 'sigmaEB', port 'sigmaE[3][20][4]' is not connected to any nets. (LINT-28)
Warning: In design 'sigmaEB', port 'sigmaE[3][20][3]' is not connected to any nets. (LINT-28)
Warning: In design 'sigmaEB', port 'sigmaE[3][20][2]' is not connected to any nets. (LINT-28)
Warning: In design 'sigmaEB', port 'sigmaE[3][20][1]' is not connected to any nets. (LINT-28)
Warning: In design 'sigmaEB', port 'sigmaE[3][20][0]' is not connected to any nets. (LINT-28)
Warning: In design 'sigmaEB', port 'sigmaE[3][19][5]' is not connected to any nets. (LINT-28)
Warning: In design 'sigmaEB', port 'sigmaE[3][19][4]' is not connected to any nets. (LINT-28)
Warning: In design 'sigmaEB', port 'sigmaE[3][19][3]' is not connected to any nets. (LINT-28)
Warning: In design 'sigmaEB', port 'sigmaE[3][19][2]' is not connected to any nets. (LINT-28)
Warning: In design 'sigmaEB', port 'sigmaE[3][19][1]' is not connected to any nets. (LINT-28)
Warning: In design 'sigmaEB', port 'sigmaE[3][19][0]' is not connected to any nets. (LINT-28)
Warning: In design 'sigmaEB', port 'sigmaE[3][18][5]' is not connected to any nets. (LINT-28)
Warning: In design 'sigmaEB', port 'sigmaE[3][18][4]' is not connected to any nets. (LINT-28)
Warning: In design 'sigmaEB', port 'sigmaE[3][18][3]' is not connected to any nets. (LINT-28)
Warning: In design 'sigmaEB', port 'sigmaE[3][18][2]' is not connected to any nets. (LINT-28)
Warning: In design 'sigmaEB', port 'sigmaE[3][18][1]' is not connected to any nets. (LINT-28)
Warning: In design 'sigmaEB', port 'sigmaE[3][18][0]' is not connected to any nets. (LINT-28)
Warning: In design 'sigmaEB', port 'sigmaE[3][17][5]' is not connected to any nets. (LINT-28)
Warning: In design 'sigmaEB', port 'sigmaE[3][17][4]' is not connected to any nets. (LINT-28)
Warning: In design 'sigmaEB', port 'sigmaE[3][17][3]' is not connected to any nets. (LINT-28)
Warning: In design 'sigmaEB', port 'sigmaE[3][17][2]' is not connected to any nets. (LINT-28)
Warning: In design 'sigmaEB', port 'sigmaE[3][17][1]' is not connected to any nets. (LINT-28)
Warning: In design 'sigmaEB', port 'sigmaE[3][17][0]' is not connected to any nets. (LINT-28)
Warning: In design 'sigmaEB', port 'sigmaE[3][16][5]' is not connected to any nets. (LINT-28)
Warning: In design 'sigmaEB', port 'sigmaE[3][16][4]' is not connected to any nets. (LINT-28)
Warning: In design 'sigmaEB', port 'sigmaE[3][16][3]' is not connected to any nets. (LINT-28)
Warning: In design 'sigmaEB', port 'sigmaE[3][16][2]' is not connected to any nets. (LINT-28)
Warning: In design 'sigmaEB', port 'sigmaE[3][16][1]' is not connected to any nets. (LINT-28)
Warning: In design 'sigmaEB', port 'sigmaE[3][16][0]' is not connected to any nets. (LINT-28)
Warning: In design 'sigmaEB', port 'sigmaE[3][15][5]' is not connected to any nets. (LINT-28)
Warning: In design 'sigmaEB', port 'sigmaE[3][15][4]' is not connected to any nets. (LINT-28)
Warning: In design 'sigmaEB', port 'sigmaE[3][15][3]' is not connected to any nets. (LINT-28)
Warning: In design 'sigmaEB', port 'sigmaE[3][15][2]' is not connected to any nets. (LINT-28)
Warning: In design 'sigmaEB', port 'sigmaE[3][15][1]' is not connected to any nets. (LINT-28)
Warning: In design 'sigmaEB', port 'sigmaE[3][15][0]' is not connected to any nets. (LINT-28)
Warning: In design 'sigmaEB', port 'sigmaE[3][14][5]' is not connected to any nets. (LINT-28)
Warning: In design 'sigmaEB', port 'sigmaE[3][14][4]' is not connected to any nets. (LINT-28)
Warning: In design 'sigmaEB', port 'sigmaE[3][14][3]' is not connected to any nets. (LINT-28)
Warning: In design 'sigmaEB', port 'sigmaE[3][14][2]' is not connected to any nets. (LINT-28)
Warning: In design 'sigmaEB', port 'sigmaE[3][14][1]' is not connected to any nets. (LINT-28)
Warning: In design 'sigmaEB', port 'sigmaE[3][14][0]' is not connected to any nets. (LINT-28)
Warning: In design 'sigmaEB', port 'sigmaE[3][13][5]' is not connected to any nets. (LINT-28)
Warning: In design 'sigmaEB', port 'sigmaE[3][13][4]' is not connected to any nets. (LINT-28)
Warning: In design 'sigmaEB', port 'sigmaE[3][13][3]' is not connected to any nets. (LINT-28)
Warning: In design 'sigmaEB', port 'sigmaE[3][13][2]' is not connected to any nets. (LINT-28)
Warning: In design 'sigmaEB', port 'sigmaE[3][13][1]' is not connected to any nets. (LINT-28)
Warning: In design 'sigmaEB', port 'sigmaE[3][13][0]' is not connected to any nets. (LINT-28)
Warning: In design 'sigmaEB', port 'sigmaE[3][12][5]' is not connected to any nets. (LINT-28)
Warning: In design 'sigmaEB', port 'sigmaE[3][12][4]' is not connected to any nets. (LINT-28)
Warning: In design 'sigmaEB', port 'sigmaE[3][12][3]' is not connected to any nets. (LINT-28)
Warning: In design 'sigmaEB', port 'sigmaE[3][12][2]' is not connected to any nets. (LINT-28)
Warning: In design 'sigmaEB', port 'sigmaE[3][12][1]' is not connected to any nets. (LINT-28)
Warning: In design 'sigmaEB', port 'sigmaE[3][12][0]' is not connected to any nets. (LINT-28)
Warning: In design 'sigmaEB', port 'sigmaE[3][11][5]' is not connected to any nets. (LINT-28)
Warning: In design 'sigmaEB', port 'sigmaE[3][11][4]' is not connected to any nets. (LINT-28)
Warning: In design 'sigmaEB', port 'sigmaE[3][11][3]' is not connected to any nets. (LINT-28)
Warning: In design 'sigmaEB', port 'sigmaE[3][11][2]' is not connected to any nets. (LINT-28)
Warning: In design 'sigmaEB', port 'sigmaE[3][11][1]' is not connected to any nets. (LINT-28)
Warning: In design 'sigmaEB', port 'sigmaE[3][11][0]' is not connected to any nets. (LINT-28)
Warning: In design 'sigmaEB', port 'sigmaE[3][10][5]' is not connected to any nets. (LINT-28)
Warning: In design 'sigmaEB', port 'sigmaE[3][10][4]' is not connected to any nets. (LINT-28)
Warning: In design 'sigmaEB', port 'sigmaE[3][10][3]' is not connected to any nets. (LINT-28)
Warning: In design 'sigmaEB', port 'sigmaE[3][10][2]' is not connected to any nets. (LINT-28)
Warning: In design 'sigmaEB', port 'sigmaE[3][10][1]' is not connected to any nets. (LINT-28)
Warning: In design 'sigmaEB', port 'sigmaE[3][10][0]' is not connected to any nets. (LINT-28)
Warning: In design 'sigmaEB', port 'sigmaE[3][9][5]' is not connected to any nets. (LINT-28)
Warning: In design 'sigmaEB', port 'sigmaE[3][9][4]' is not connected to any nets. (LINT-28)
Warning: In design 'sigmaEB', port 'sigmaE[3][9][3]' is not connected to any nets. (LINT-28)
Warning: In design 'sigmaEB', port 'sigmaE[3][9][2]' is not connected to any nets. (LINT-28)
Warning: In design 'sigmaEB', port 'sigmaE[3][9][1]' is not connected to any nets. (LINT-28)
Warning: In design 'sigmaEB', port 'sigmaE[3][9][0]' is not connected to any nets. (LINT-28)
Warning: In design 'sigmaEB', port 'sigmaE[3][8][5]' is not connected to any nets. (LINT-28)
Warning: In design 'sigmaEB', port 'sigmaE[3][8][4]' is not connected to any nets. (LINT-28)
Warning: In design 'sigmaEB', port 'sigmaE[3][8][3]' is not connected to any nets. (LINT-28)
Warning: In design 'sigmaEB', port 'sigmaE[3][8][2]' is not connected to any nets. (LINT-28)
Warning: In design 'sigmaEB', port 'sigmaE[3][8][1]' is not connected to any nets. (LINT-28)
Warning: In design 'sigmaEB', port 'sigmaE[3][8][0]' is not connected to any nets. (LINT-28)
Warning: In design 'sigmaEB', port 'sigmaE[3][7][5]' is not connected to any nets. (LINT-28)
Warning: In design 'sigmaEB', port 'sigmaE[3][7][4]' is not connected to any nets. (LINT-28)
Warning: In design 'sigmaEB', port 'sigmaE[3][7][3]' is not connected to any nets. (LINT-28)
Warning: In design 'sigmaEB', port 'sigmaE[3][7][2]' is not connected to any nets. (LINT-28)
Warning: In design 'sigmaEB', port 'sigmaE[3][7][1]' is not connected to any nets. (LINT-28)
Warning: In design 'sigmaEB', port 'sigmaE[3][7][0]' is not connected to any nets. (LINT-28)
Warning: In design 'sigmaEB', port 'sigmaE[3][6][5]' is not connected to any nets. (LINT-28)
Warning: In design 'sigmaEB', port 'sigmaE[3][6][4]' is not connected to any nets. (LINT-28)
Warning: In design 'sigmaEB', port 'sigmaE[3][6][3]' is not connected to any nets. (LINT-28)
Warning: In design 'sigmaEB', port 'sigmaE[3][6][2]' is not connected to any nets. (LINT-28)
Warning: In design 'sigmaEB', port 'sigmaE[3][6][1]' is not connected to any nets. (LINT-28)
Warning: In design 'sigmaEB', port 'sigmaE[3][6][0]' is not connected to any nets. (LINT-28)
Warning: In design 'sigmaEB', port 'sigmaE[3][5][5]' is not connected to any nets. (LINT-28)
Warning: In design 'sigmaEB', port 'sigmaE[3][5][4]' is not connected to any nets. (LINT-28)
Warning: In design 'sigmaEB', port 'sigmaE[3][5][3]' is not connected to any nets. (LINT-28)
Warning: In design 'sigmaEB', port 'sigmaE[3][5][2]' is not connected to any nets. (LINT-28)
Warning: In design 'sigmaEB', port 'sigmaE[3][5][1]' is not connected to any nets. (LINT-28)
Warning: In design 'sigmaEB', port 'sigmaE[3][5][0]' is not connected to any nets. (LINT-28)
Warning: In design 'sigmaEB', port 'sigmaE[3][4][5]' is not connected to any nets. (LINT-28)
Warning: In design 'sigmaEB', port 'sigmaE[3][4][4]' is not connected to any nets. (LINT-28)
Warning: In design 'sigmaEB', port 'sigmaE[3][4][3]' is not connected to any nets. (LINT-28)
Warning: In design 'sigmaEB', port 'sigmaE[3][4][2]' is not connected to any nets. (LINT-28)
Warning: In design 'sigmaEB', port 'sigmaE[3][4][1]' is not connected to any nets. (LINT-28)
Warning: In design 'sigmaEB', port 'sigmaE[3][4][0]' is not connected to any nets. (LINT-28)
Warning: In design 'sigmaEB', port 'sigmaE[3][3][5]' is not connected to any nets. (LINT-28)
Warning: In design 'sigmaEB', port 'sigmaE[3][3][4]' is not connected to any nets. (LINT-28)
Warning: In design 'sigmaEB', port 'sigmaE[3][3][3]' is not connected to any nets. (LINT-28)
Warning: In design 'sigmaEB', port 'sigmaE[3][3][2]' is not connected to any nets. (LINT-28)
Warning: In design 'sigmaEB', port 'sigmaE[3][3][1]' is not connected to any nets. (LINT-28)
Warning: In design 'sigmaEB', port 'sigmaE[3][3][0]' is not connected to any nets. (LINT-28)
Warning: In design 'sigmaEB', port 'sigmaE[3][2][5]' is not connected to any nets. (LINT-28)
Warning: In design 'sigmaEB', port 'sigmaE[3][2][4]' is not connected to any nets. (LINT-28)
Warning: In design 'sigmaEB', port 'sigmaE[3][2][3]' is not connected to any nets. (LINT-28)
Warning: In design 'sigmaEB', port 'sigmaE[3][2][2]' is not connected to any nets. (LINT-28)
Warning: In design 'sigmaEB', port 'sigmaE[3][2][1]' is not connected to any nets. (LINT-28)
Warning: In design 'sigmaEB', port 'sigmaE[3][2][0]' is not connected to any nets. (LINT-28)
Warning: In design 'sigmaEB', port 'sigmaE[3][1][5]' is not connected to any nets. (LINT-28)
Warning: In design 'sigmaEB', port 'sigmaE[3][1][4]' is not connected to any nets. (LINT-28)
Warning: In design 'sigmaEB', port 'sigmaE[3][1][3]' is not connected to any nets. (LINT-28)
Warning: In design 'sigmaEB', port 'sigmaE[3][1][2]' is not connected to any nets. (LINT-28)
Warning: In design 'sigmaEB', port 'sigmaE[3][1][1]' is not connected to any nets. (LINT-28)
Warning: In design 'sigmaEB', port 'sigmaE[3][1][0]' is not connected to any nets. (LINT-28)
Warning: In design 'sigmaEB', port 'sigmaE[3][0][5]' is not connected to any nets. (LINT-28)
Warning: In design 'sigmaEB', port 'sigmaE[3][0][4]' is not connected to any nets. (LINT-28)
Warning: In design 'sigmaEB', port 'sigmaE[3][0][3]' is not connected to any nets. (LINT-28)
Warning: In design 'sigmaEB', port 'sigmaE[3][0][2]' is not connected to any nets. (LINT-28)
Warning: In design 'sigmaEB', port 'sigmaE[3][0][1]' is not connected to any nets. (LINT-28)
Warning: In design 'sigmaEB', port 'sigmaE[3][0][0]' is not connected to any nets. (LINT-28)
Warning: In design 'sigmaEB', port 'sigmaE[2][31][5]' is not connected to any nets. (LINT-28)
Warning: In design 'sigmaEB', port 'sigmaE[2][31][4]' is not connected to any nets. (LINT-28)
Warning: In design 'sigmaEB', port 'sigmaE[2][31][3]' is not connected to any nets. (LINT-28)
Warning: In design 'sigmaEB', port 'sigmaE[2][31][2]' is not connected to any nets. (LINT-28)
Warning: In design 'sigmaEB', port 'sigmaE[2][31][1]' is not connected to any nets. (LINT-28)
Warning: In design 'sigmaEB', port 'sigmaE[2][31][0]' is not connected to any nets. (LINT-28)
Warning: In design 'sigmaEB', port 'sigmaE[2][30][5]' is not connected to any nets. (LINT-28)
Warning: In design 'sigmaEB', port 'sigmaE[2][30][4]' is not connected to any nets. (LINT-28)
Warning: In design 'sigmaEB', port 'sigmaE[2][30][3]' is not connected to any nets. (LINT-28)
Warning: In design 'sigmaEB', port 'sigmaE[2][30][2]' is not connected to any nets. (LINT-28)
Warning: In design 'sigmaEB', port 'sigmaE[2][30][1]' is not connected to any nets. (LINT-28)
Warning: In design 'sigmaEB', port 'sigmaE[2][30][0]' is not connected to any nets. (LINT-28)
Warning: In design 'sigmaEB', port 'sigmaE[2][29][5]' is not connected to any nets. (LINT-28)
Warning: In design 'sigmaEB', port 'sigmaE[2][29][4]' is not connected to any nets. (LINT-28)
Warning: In design 'sigmaEB', port 'sigmaE[2][29][3]' is not connected to any nets. (LINT-28)
Warning: In design 'sigmaEB', port 'sigmaE[2][29][2]' is not connected to any nets. (LINT-28)
Warning: In design 'sigmaEB', port 'sigmaE[2][29][1]' is not connected to any nets. (LINT-28)
Warning: In design 'sigmaEB', port 'sigmaE[2][29][0]' is not connected to any nets. (LINT-28)
Warning: In design 'sigmaEB', port 'sigmaE[2][28][5]' is not connected to any nets. (LINT-28)
Warning: In design 'sigmaEB', port 'sigmaE[2][28][4]' is not connected to any nets. (LINT-28)
Warning: In design 'sigmaEB', port 'sigmaE[2][28][3]' is not connected to any nets. (LINT-28)
Warning: In design 'sigmaEB', port 'sigmaE[2][28][2]' is not connected to any nets. (LINT-28)
Warning: In design 'sigmaEB', port 'sigmaE[2][28][1]' is not connected to any nets. (LINT-28)
Warning: In design 'sigmaEB', port 'sigmaE[2][28][0]' is not connected to any nets. (LINT-28)
Warning: In design 'sigmaEB', port 'sigmaE[2][27][5]' is not connected to any nets. (LINT-28)
Warning: In design 'sigmaEB', port 'sigmaE[2][27][4]' is not connected to any nets. (LINT-28)
Warning: In design 'sigmaEB', port 'sigmaE[2][27][3]' is not connected to any nets. (LINT-28)
Warning: In design 'sigmaEB', port 'sigmaE[2][27][2]' is not connected to any nets. (LINT-28)
Warning: In design 'sigmaEB', port 'sigmaE[2][27][1]' is not connected to any nets. (LINT-28)
Warning: In design 'sigmaEB', port 'sigmaE[2][27][0]' is not connected to any nets. (LINT-28)
Warning: In design 'sigmaEB', port 'sigmaE[2][26][5]' is not connected to any nets. (LINT-28)
Warning: In design 'sigmaEB', port 'sigmaE[2][26][4]' is not connected to any nets. (LINT-28)
Warning: In design 'sigmaEB', port 'sigmaE[2][26][3]' is not connected to any nets. (LINT-28)
Warning: In design 'sigmaEB', port 'sigmaE[2][26][2]' is not connected to any nets. (LINT-28)
Warning: In design 'sigmaEB', port 'sigmaE[2][26][1]' is not connected to any nets. (LINT-28)
Warning: In design 'sigmaEB', port 'sigmaE[2][26][0]' is not connected to any nets. (LINT-28)
Warning: In design 'sigmaEB', port 'sigmaE[2][25][5]' is not connected to any nets. (LINT-28)
Warning: In design 'sigmaEB', port 'sigmaE[2][25][4]' is not connected to any nets. (LINT-28)
Warning: In design 'sigmaEB', port 'sigmaE[2][25][3]' is not connected to any nets. (LINT-28)
Warning: In design 'sigmaEB', port 'sigmaE[2][25][2]' is not connected to any nets. (LINT-28)
Warning: In design 'sigmaEB', port 'sigmaE[2][25][1]' is not connected to any nets. (LINT-28)
Warning: In design 'sigmaEB', port 'sigmaE[2][25][0]' is not connected to any nets. (LINT-28)
Warning: In design 'sigmaEB', port 'sigmaE[2][24][5]' is not connected to any nets. (LINT-28)
Warning: In design 'sigmaEB', port 'sigmaE[2][24][4]' is not connected to any nets. (LINT-28)
Warning: In design 'sigmaEB', port 'sigmaE[2][24][3]' is not connected to any nets. (LINT-28)
Warning: In design 'sigmaEB', port 'sigmaE[2][24][2]' is not connected to any nets. (LINT-28)
Warning: In design 'sigmaEB', port 'sigmaE[2][24][1]' is not connected to any nets. (LINT-28)
Warning: In design 'sigmaEB', port 'sigmaE[2][24][0]' is not connected to any nets. (LINT-28)
Warning: In design 'sigmaEB', port 'sigmaE[2][23][5]' is not connected to any nets. (LINT-28)
Warning: In design 'sigmaEB', port 'sigmaE[2][23][4]' is not connected to any nets. (LINT-28)
Warning: In design 'sigmaEB', port 'sigmaE[2][23][3]' is not connected to any nets. (LINT-28)
Warning: In design 'sigmaEB', port 'sigmaE[2][23][2]' is not connected to any nets. (LINT-28)
Warning: In design 'sigmaEB', port 'sigmaE[2][23][1]' is not connected to any nets. (LINT-28)
Warning: In design 'sigmaEB', port 'sigmaE[2][23][0]' is not connected to any nets. (LINT-28)
Warning: In design 'sigmaEB', port 'sigmaE[2][22][5]' is not connected to any nets. (LINT-28)
Warning: In design 'sigmaEB', port 'sigmaE[2][22][4]' is not connected to any nets. (LINT-28)
Warning: In design 'sigmaEB', port 'sigmaE[2][22][3]' is not connected to any nets. (LINT-28)
Warning: In design 'sigmaEB', port 'sigmaE[2][22][2]' is not connected to any nets. (LINT-28)
Warning: In design 'sigmaEB', port 'sigmaE[2][22][1]' is not connected to any nets. (LINT-28)
Warning: In design 'sigmaEB', port 'sigmaE[2][22][0]' is not connected to any nets. (LINT-28)
Warning: In design 'sigmaEB', port 'sigmaE[2][21][5]' is not connected to any nets. (LINT-28)
Warning: In design 'sigmaEB', port 'sigmaE[2][21][4]' is not connected to any nets. (LINT-28)
Warning: In design 'sigmaEB', port 'sigmaE[2][21][3]' is not connected to any nets. (LINT-28)
Warning: In design 'sigmaEB', port 'sigmaE[2][21][2]' is not connected to any nets. (LINT-28)
Warning: In design 'sigmaEB', port 'sigmaE[2][21][1]' is not connected to any nets. (LINT-28)
Warning: In design 'sigmaEB', port 'sigmaE[2][21][0]' is not connected to any nets. (LINT-28)
Warning: In design 'sigmaEB', port 'sigmaE[2][20][5]' is not connected to any nets. (LINT-28)
Warning: In design 'sigmaEB', port 'sigmaE[2][20][4]' is not connected to any nets. (LINT-28)
Warning: In design 'sigmaEB', port 'sigmaE[2][20][3]' is not connected to any nets. (LINT-28)
Warning: In design 'sigmaEB', port 'sigmaE[2][20][2]' is not connected to any nets. (LINT-28)
Warning: In design 'sigmaEB', port 'sigmaE[2][20][1]' is not connected to any nets. (LINT-28)
Warning: In design 'sigmaEB', port 'sigmaE[2][20][0]' is not connected to any nets. (LINT-28)
Warning: In design 'sigmaEB', port 'sigmaE[2][19][5]' is not connected to any nets. (LINT-28)
Warning: In design 'sigmaEB', port 'sigmaE[2][19][4]' is not connected to any nets. (LINT-28)
Warning: In design 'sigmaEB', port 'sigmaE[2][19][3]' is not connected to any nets. (LINT-28)
Warning: In design 'sigmaEB', port 'sigmaE[2][19][2]' is not connected to any nets. (LINT-28)
Warning: In design 'sigmaEB', port 'sigmaE[2][19][1]' is not connected to any nets. (LINT-28)
Warning: In design 'sigmaEB', port 'sigmaE[2][19][0]' is not connected to any nets. (LINT-28)
Warning: In design 'sigmaEB', port 'sigmaE[2][18][5]' is not connected to any nets. (LINT-28)
Warning: In design 'sigmaEB', port 'sigmaE[2][18][4]' is not connected to any nets. (LINT-28)
Warning: In design 'sigmaEB', port 'sigmaE[2][18][3]' is not connected to any nets. (LINT-28)
Warning: In design 'sigmaEB', port 'sigmaE[2][18][2]' is not connected to any nets. (LINT-28)
Warning: In design 'sigmaEB', port 'sigmaE[2][18][1]' is not connected to any nets. (LINT-28)
Warning: In design 'sigmaEB', port 'sigmaE[2][18][0]' is not connected to any nets. (LINT-28)
Warning: In design 'sigmaEB', port 'sigmaE[2][17][5]' is not connected to any nets. (LINT-28)
Warning: In design 'sigmaEB', port 'sigmaE[2][17][4]' is not connected to any nets. (LINT-28)
Warning: In design 'sigmaEB', port 'sigmaE[2][17][3]' is not connected to any nets. (LINT-28)
Warning: In design 'sigmaEB', port 'sigmaE[2][17][2]' is not connected to any nets. (LINT-28)
Warning: In design 'sigmaEB', port 'sigmaE[2][17][1]' is not connected to any nets. (LINT-28)
Warning: In design 'sigmaEB', port 'sigmaE[2][17][0]' is not connected to any nets. (LINT-28)
Warning: In design 'sigmaEB', port 'sigmaE[2][16][5]' is not connected to any nets. (LINT-28)
Warning: In design 'sigmaEB', port 'sigmaE[2][16][4]' is not connected to any nets. (LINT-28)
Warning: In design 'sigmaEB', port 'sigmaE[2][16][3]' is not connected to any nets. (LINT-28)
Warning: In design 'sigmaEB', port 'sigmaE[2][16][2]' is not connected to any nets. (LINT-28)
Warning: In design 'sigmaEB', port 'sigmaE[2][16][1]' is not connected to any nets. (LINT-28)
Warning: In design 'sigmaEB', port 'sigmaE[2][16][0]' is not connected to any nets. (LINT-28)
Warning: In design 'sigmaEB', port 'sigmaE[2][15][5]' is not connected to any nets. (LINT-28)
Warning: In design 'sigmaEB', port 'sigmaE[2][15][4]' is not connected to any nets. (LINT-28)
Warning: In design 'sigmaEB', port 'sigmaE[2][15][3]' is not connected to any nets. (LINT-28)
Warning: In design 'sigmaEB', port 'sigmaE[2][15][2]' is not connected to any nets. (LINT-28)
Warning: In design 'sigmaEB', port 'sigmaE[2][15][1]' is not connected to any nets. (LINT-28)
Warning: In design 'sigmaEB', port 'sigmaE[2][15][0]' is not connected to any nets. (LINT-28)
Warning: In design 'sigmaEB', port 'sigmaE[2][14][5]' is not connected to any nets. (LINT-28)
Warning: In design 'sigmaEB', port 'sigmaE[2][14][4]' is not connected to any nets. (LINT-28)
Warning: In design 'sigmaEB', port 'sigmaE[2][14][3]' is not connected to any nets. (LINT-28)
Warning: In design 'sigmaEB', port 'sigmaE[2][14][2]' is not connected to any nets. (LINT-28)
Warning: In design 'sigmaEB', port 'sigmaE[2][14][1]' is not connected to any nets. (LINT-28)
Warning: In design 'sigmaEB', port 'sigmaE[2][14][0]' is not connected to any nets. (LINT-28)
Warning: In design 'sigmaEB', port 'sigmaE[2][13][5]' is not connected to any nets. (LINT-28)
Warning: In design 'sigmaEB', port 'sigmaE[2][13][4]' is not connected to any nets. (LINT-28)
Warning: In design 'sigmaEB', port 'sigmaE[2][13][3]' is not connected to any nets. (LINT-28)
Warning: In design 'sigmaEB', port 'sigmaE[2][13][2]' is not connected to any nets. (LINT-28)
Warning: In design 'sigmaEB', port 'sigmaE[2][13][1]' is not connected to any nets. (LINT-28)
Warning: In design 'sigmaEB', port 'sigmaE[2][13][0]' is not connected to any nets. (LINT-28)
Warning: In design 'sigmaEB', port 'sigmaE[2][12][5]' is not connected to any nets. (LINT-28)
Warning: In design 'sigmaEB', port 'sigmaE[2][12][4]' is not connected to any nets. (LINT-28)
Warning: In design 'sigmaEB', port 'sigmaE[2][12][3]' is not connected to any nets. (LINT-28)
Warning: In design 'sigmaEB', port 'sigmaE[2][12][2]' is not connected to any nets. (LINT-28)
Warning: In design 'sigmaEB', port 'sigmaE[2][12][1]' is not connected to any nets. (LINT-28)
Warning: In design 'sigmaEB', port 'sigmaE[2][12][0]' is not connected to any nets. (LINT-28)
Warning: In design 'sigmaEB', port 'sigmaE[2][11][5]' is not connected to any nets. (LINT-28)
Warning: In design 'sigmaEB', port 'sigmaE[2][11][4]' is not connected to any nets. (LINT-28)
Warning: In design 'sigmaEB', port 'sigmaE[2][11][3]' is not connected to any nets. (LINT-28)
Warning: In design 'sigmaEB', port 'sigmaE[2][11][2]' is not connected to any nets. (LINT-28)
Warning: In design 'sigmaEB', port 'sigmaE[2][11][1]' is not connected to any nets. (LINT-28)
Warning: In design 'sigmaEB', port 'sigmaE[2][11][0]' is not connected to any nets. (LINT-28)
Warning: In design 'sigmaEB', port 'sigmaE[2][10][5]' is not connected to any nets. (LINT-28)
Warning: In design 'sigmaEB', port 'sigmaE[2][10][4]' is not connected to any nets. (LINT-28)
Warning: In design 'sigmaEB', port 'sigmaE[2][10][3]' is not connected to any nets. (LINT-28)
Warning: In design 'sigmaEB', port 'sigmaE[2][10][2]' is not connected to any nets. (LINT-28)
Warning: In design 'sigmaEB', port 'sigmaE[2][10][1]' is not connected to any nets. (LINT-28)
Warning: In design 'sigmaEB', port 'sigmaE[2][10][0]' is not connected to any nets. (LINT-28)
Warning: In design 'sigmaEB', port 'sigmaE[2][9][5]' is not connected to any nets. (LINT-28)
Warning: In design 'sigmaEB', port 'sigmaE[2][9][4]' is not connected to any nets. (LINT-28)
Warning: In design 'sigmaEB', port 'sigmaE[2][9][3]' is not connected to any nets. (LINT-28)
Warning: In design 'sigmaEB', port 'sigmaE[2][9][2]' is not connected to any nets. (LINT-28)
Warning: In design 'sigmaEB', port 'sigmaE[2][9][1]' is not connected to any nets. (LINT-28)
Warning: In design 'sigmaEB', port 'sigmaE[2][9][0]' is not connected to any nets. (LINT-28)
Warning: In design 'sigmaEB', port 'sigmaE[2][8][5]' is not connected to any nets. (LINT-28)
Warning: In design 'sigmaEB', port 'sigmaE[2][8][4]' is not connected to any nets. (LINT-28)
Warning: In design 'sigmaEB', port 'sigmaE[2][8][3]' is not connected to any nets. (LINT-28)
Warning: In design 'sigmaEB', port 'sigmaE[2][8][2]' is not connected to any nets. (LINT-28)
Warning: In design 'sigmaEB', port 'sigmaE[2][8][1]' is not connected to any nets. (LINT-28)
Warning: In design 'sigmaEB', port 'sigmaE[2][8][0]' is not connected to any nets. (LINT-28)
Warning: In design 'sigmaEB', port 'sigmaE[2][7][5]' is not connected to any nets. (LINT-28)
Warning: In design 'sigmaEB', port 'sigmaE[2][7][4]' is not connected to any nets. (LINT-28)
Warning: In design 'sigmaEB', port 'sigmaE[2][7][3]' is not connected to any nets. (LINT-28)
Warning: In design 'sigmaEB', port 'sigmaE[2][7][2]' is not connected to any nets. (LINT-28)
Warning: In design 'sigmaEB', port 'sigmaE[2][7][1]' is not connected to any nets. (LINT-28)
Warning: In design 'sigmaEB', port 'sigmaE[2][7][0]' is not connected to any nets. (LINT-28)
Warning: In design 'sigmaEB', port 'sigmaE[2][6][5]' is not connected to any nets. (LINT-28)
Warning: In design 'sigmaEB', port 'sigmaE[2][6][4]' is not connected to any nets. (LINT-28)
Warning: In design 'sigmaEB', port 'sigmaE[2][6][3]' is not connected to any nets. (LINT-28)
Warning: In design 'sigmaEB', port 'sigmaE[2][6][2]' is not connected to any nets. (LINT-28)
Warning: In design 'sigmaEB', port 'sigmaE[2][6][1]' is not connected to any nets. (LINT-28)
Warning: In design 'sigmaEB', port 'sigmaE[2][6][0]' is not connected to any nets. (LINT-28)
Warning: In design 'sigmaEB', port 'sigmaE[1][31][5]' is not connected to any nets. (LINT-28)
Warning: In design 'sigmaEB', port 'sigmaE[1][31][4]' is not connected to any nets. (LINT-28)
Warning: In design 'sigmaEB', port 'sigmaE[1][31][3]' is not connected to any nets. (LINT-28)
Warning: In design 'sigmaEB', port 'sigmaE[1][31][2]' is not connected to any nets. (LINT-28)
Warning: In design 'sigmaEB', port 'sigmaE[1][31][1]' is not connected to any nets. (LINT-28)
Warning: In design 'sigmaEB', port 'sigmaE[1][31][0]' is not connected to any nets. (LINT-28)
Warning: In design 'sigmaEB', port 'sigmaE[1][30][5]' is not connected to any nets. (LINT-28)
Warning: In design 'sigmaEB', port 'sigmaE[1][30][4]' is not connected to any nets. (LINT-28)
Warning: In design 'sigmaEB', port 'sigmaE[1][30][3]' is not connected to any nets. (LINT-28)
Warning: In design 'sigmaEB', port 'sigmaE[1][30][2]' is not connected to any nets. (LINT-28)
Warning: In design 'sigmaEB', port 'sigmaE[1][30][1]' is not connected to any nets. (LINT-28)
Warning: In design 'sigmaEB', port 'sigmaE[1][30][0]' is not connected to any nets. (LINT-28)
Warning: In design 'sigmaEB', port 'sigmaE[1][29][5]' is not connected to any nets. (LINT-28)
Warning: In design 'sigmaEB', port 'sigmaE[1][29][4]' is not connected to any nets. (LINT-28)
Warning: In design 'sigmaEB', port 'sigmaE[1][29][3]' is not connected to any nets. (LINT-28)
Warning: In design 'sigmaEB', port 'sigmaE[1][29][2]' is not connected to any nets. (LINT-28)
Warning: In design 'sigmaEB', port 'sigmaE[1][29][1]' is not connected to any nets. (LINT-28)
Warning: In design 'sigmaEB', port 'sigmaE[1][29][0]' is not connected to any nets. (LINT-28)
Warning: In design 'sigmaEB', port 'sigmaE[1][28][5]' is not connected to any nets. (LINT-28)
Warning: In design 'sigmaEB', port 'sigmaE[1][28][4]' is not connected to any nets. (LINT-28)
Warning: In design 'sigmaEB', port 'sigmaE[1][28][3]' is not connected to any nets. (LINT-28)
Warning: In design 'sigmaEB', port 'sigmaE[1][28][2]' is not connected to any nets. (LINT-28)
Warning: In design 'sigmaEB', port 'sigmaE[1][28][1]' is not connected to any nets. (LINT-28)
Warning: In design 'sigmaEB', port 'sigmaE[1][28][0]' is not connected to any nets. (LINT-28)
Warning: In design 'sigmaEB', port 'sigmaE[1][27][5]' is not connected to any nets. (LINT-28)
Warning: In design 'sigmaEB', port 'sigmaE[1][27][4]' is not connected to any nets. (LINT-28)
Warning: In design 'sigmaEB', port 'sigmaE[1][27][3]' is not connected to any nets. (LINT-28)
Warning: In design 'sigmaEB', port 'sigmaE[1][27][2]' is not connected to any nets. (LINT-28)
Warning: In design 'sigmaEB', port 'sigmaE[1][27][1]' is not connected to any nets. (LINT-28)
Warning: In design 'sigmaEB', port 'sigmaE[1][27][0]' is not connected to any nets. (LINT-28)
Warning: In design 'sigmaEB', port 'sigmaE[1][26][5]' is not connected to any nets. (LINT-28)
Warning: In design 'sigmaEB', port 'sigmaE[1][26][4]' is not connected to any nets. (LINT-28)
Warning: In design 'sigmaEB', port 'sigmaE[1][26][3]' is not connected to any nets. (LINT-28)
Warning: In design 'sigmaEB', port 'sigmaE[1][26][2]' is not connected to any nets. (LINT-28)
Warning: In design 'sigmaEB', port 'sigmaE[1][26][1]' is not connected to any nets. (LINT-28)
Warning: In design 'sigmaEB', port 'sigmaE[1][26][0]' is not connected to any nets. (LINT-28)
Warning: In design 'sigmaEB', port 'sigmaE[1][25][5]' is not connected to any nets. (LINT-28)
Warning: In design 'sigmaEB', port 'sigmaE[1][25][4]' is not connected to any nets. (LINT-28)
Warning: In design 'sigmaEB', port 'sigmaE[1][25][3]' is not connected to any nets. (LINT-28)
Warning: In design 'sigmaEB', port 'sigmaE[1][25][2]' is not connected to any nets. (LINT-28)
Warning: In design 'sigmaEB', port 'sigmaE[1][25][1]' is not connected to any nets. (LINT-28)
Warning: In design 'sigmaEB', port 'sigmaE[1][25][0]' is not connected to any nets. (LINT-28)
Warning: In design 'sigmaEB', port 'sigmaE[1][24][5]' is not connected to any nets. (LINT-28)
Warning: In design 'sigmaEB', port 'sigmaE[1][24][4]' is not connected to any nets. (LINT-28)
Warning: In design 'sigmaEB', port 'sigmaE[1][24][3]' is not connected to any nets. (LINT-28)
Warning: In design 'sigmaEB', port 'sigmaE[1][24][2]' is not connected to any nets. (LINT-28)
Warning: In design 'sigmaEB', port 'sigmaE[1][24][1]' is not connected to any nets. (LINT-28)
Warning: In design 'sigmaEB', port 'sigmaE[1][24][0]' is not connected to any nets. (LINT-28)
Warning: In design 'sigmaEB', port 'sigmaE[1][23][5]' is not connected to any nets. (LINT-28)
Warning: In design 'sigmaEB', port 'sigmaE[1][23][4]' is not connected to any nets. (LINT-28)
Warning: In design 'sigmaEB', port 'sigmaE[1][23][3]' is not connected to any nets. (LINT-28)
Warning: In design 'sigmaEB', port 'sigmaE[1][23][2]' is not connected to any nets. (LINT-28)
Warning: In design 'sigmaEB', port 'sigmaE[1][23][1]' is not connected to any nets. (LINT-28)
Warning: In design 'sigmaEB', port 'sigmaE[1][23][0]' is not connected to any nets. (LINT-28)
Warning: In design 'sigmaEB', port 'sigmaE[1][22][5]' is not connected to any nets. (LINT-28)
Warning: In design 'sigmaEB', port 'sigmaE[1][22][4]' is not connected to any nets. (LINT-28)
Warning: In design 'sigmaEB', port 'sigmaE[1][22][3]' is not connected to any nets. (LINT-28)
Warning: In design 'sigmaEB', port 'sigmaE[1][22][2]' is not connected to any nets. (LINT-28)
Warning: In design 'sigmaEB', port 'sigmaE[1][22][1]' is not connected to any nets. (LINT-28)
Warning: In design 'sigmaEB', port 'sigmaE[1][22][0]' is not connected to any nets. (LINT-28)
Warning: In design 'sigmaEB', port 'sigmaE[1][21][5]' is not connected to any nets. (LINT-28)
Warning: In design 'sigmaEB', port 'sigmaE[1][21][4]' is not connected to any nets. (LINT-28)
Warning: In design 'sigmaEB', port 'sigmaE[1][21][3]' is not connected to any nets. (LINT-28)
Warning: In design 'sigmaEB', port 'sigmaE[1][21][2]' is not connected to any nets. (LINT-28)
Warning: In design 'sigmaEB', port 'sigmaE[1][21][1]' is not connected to any nets. (LINT-28)
Warning: In design 'sigmaEB', port 'sigmaE[1][21][0]' is not connected to any nets. (LINT-28)
Warning: In design 'sigmaEB', port 'sigmaE[1][20][5]' is not connected to any nets. (LINT-28)
Warning: In design 'sigmaEB', port 'sigmaE[1][20][4]' is not connected to any nets. (LINT-28)
Warning: In design 'sigmaEB', port 'sigmaE[1][20][3]' is not connected to any nets. (LINT-28)
Warning: In design 'sigmaEB', port 'sigmaE[1][20][2]' is not connected to any nets. (LINT-28)
Warning: In design 'sigmaEB', port 'sigmaE[1][20][1]' is not connected to any nets. (LINT-28)
Warning: In design 'sigmaEB', port 'sigmaE[1][20][0]' is not connected to any nets. (LINT-28)
Warning: In design 'sigmaEB', port 'sigmaE[1][19][5]' is not connected to any nets. (LINT-28)
Warning: In design 'sigmaEB', port 'sigmaE[1][19][4]' is not connected to any nets. (LINT-28)
Warning: In design 'sigmaEB', port 'sigmaE[1][19][3]' is not connected to any nets. (LINT-28)
Warning: In design 'sigmaEB', port 'sigmaE[1][19][2]' is not connected to any nets. (LINT-28)
Warning: In design 'sigmaEB', port 'sigmaE[1][19][1]' is not connected to any nets. (LINT-28)
Warning: In design 'sigmaEB', port 'sigmaE[1][19][0]' is not connected to any nets. (LINT-28)
Warning: In design 'sigmaEB', port 'sigmaE[1][18][5]' is not connected to any nets. (LINT-28)
Warning: In design 'sigmaEB', port 'sigmaE[1][18][4]' is not connected to any nets. (LINT-28)
Warning: In design 'sigmaEB', port 'sigmaE[1][18][3]' is not connected to any nets. (LINT-28)
Warning: In design 'sigmaEB', port 'sigmaE[1][18][2]' is not connected to any nets. (LINT-28)
Warning: In design 'sigmaEB', port 'sigmaE[1][18][1]' is not connected to any nets. (LINT-28)
Warning: In design 'sigmaEB', port 'sigmaE[1][18][0]' is not connected to any nets. (LINT-28)
Warning: In design 'sigmaEB', port 'sigmaE[1][17][5]' is not connected to any nets. (LINT-28)
Warning: In design 'sigmaEB', port 'sigmaE[1][17][4]' is not connected to any nets. (LINT-28)
Warning: In design 'sigmaEB', port 'sigmaE[1][17][3]' is not connected to any nets. (LINT-28)
Warning: In design 'sigmaEB', port 'sigmaE[1][17][2]' is not connected to any nets. (LINT-28)
Warning: In design 'sigmaEB', port 'sigmaE[1][17][1]' is not connected to any nets. (LINT-28)
Warning: In design 'sigmaEB', port 'sigmaE[1][17][0]' is not connected to any nets. (LINT-28)
Warning: In design 'sigmaEB', port 'sigmaE[1][16][5]' is not connected to any nets. (LINT-28)
Warning: In design 'sigmaEB', port 'sigmaE[1][16][4]' is not connected to any nets. (LINT-28)
Warning: In design 'sigmaEB', port 'sigmaE[1][16][3]' is not connected to any nets. (LINT-28)
Warning: In design 'sigmaEB', port 'sigmaE[1][16][2]' is not connected to any nets. (LINT-28)
Warning: In design 'sigmaEB', port 'sigmaE[1][16][1]' is not connected to any nets. (LINT-28)
Warning: In design 'sigmaEB', port 'sigmaE[1][16][0]' is not connected to any nets. (LINT-28)
Warning: In design 'sigmaEB', port 'sigmaE[1][15][5]' is not connected to any nets. (LINT-28)
Warning: In design 'sigmaEB', port 'sigmaE[1][15][4]' is not connected to any nets. (LINT-28)
Warning: In design 'sigmaEB', port 'sigmaE[1][15][3]' is not connected to any nets. (LINT-28)
Warning: In design 'sigmaEB', port 'sigmaE[1][15][2]' is not connected to any nets. (LINT-28)
Warning: In design 'sigmaEB', port 'sigmaE[1][15][1]' is not connected to any nets. (LINT-28)
Warning: In design 'sigmaEB', port 'sigmaE[1][15][0]' is not connected to any nets. (LINT-28)
Warning: In design 'sigmaEB', port 'sigmaE[1][14][5]' is not connected to any nets. (LINT-28)
Warning: In design 'sigmaEB', port 'sigmaE[1][14][4]' is not connected to any nets. (LINT-28)
Warning: In design 'sigmaEB', port 'sigmaE[1][14][3]' is not connected to any nets. (LINT-28)
Warning: In design 'sigmaEB', port 'sigmaE[1][14][2]' is not connected to any nets. (LINT-28)
Warning: In design 'sigmaEB', port 'sigmaE[1][14][1]' is not connected to any nets. (LINT-28)
Warning: In design 'sigmaEB', port 'sigmaE[1][14][0]' is not connected to any nets. (LINT-28)
Warning: In design 'sigmaEB', port 'sigmaE[1][13][5]' is not connected to any nets. (LINT-28)
Warning: In design 'sigmaEB', port 'sigmaE[1][13][4]' is not connected to any nets. (LINT-28)
Warning: In design 'sigmaEB', port 'sigmaE[1][13][3]' is not connected to any nets. (LINT-28)
Warning: In design 'sigmaEB', port 'sigmaE[1][13][2]' is not connected to any nets. (LINT-28)
Warning: In design 'sigmaEB', port 'sigmaE[1][13][1]' is not connected to any nets. (LINT-28)
Warning: In design 'sigmaEB', port 'sigmaE[1][13][0]' is not connected to any nets. (LINT-28)
Warning: In design 'sigmaEB', port 'sigmaE[1][12][5]' is not connected to any nets. (LINT-28)
Warning: In design 'sigmaEB', port 'sigmaE[1][12][4]' is not connected to any nets. (LINT-28)
Warning: In design 'sigmaEB', port 'sigmaE[1][12][3]' is not connected to any nets. (LINT-28)
Warning: In design 'sigmaEB', port 'sigmaE[1][12][2]' is not connected to any nets. (LINT-28)
Warning: In design 'sigmaEB', port 'sigmaE[1][12][1]' is not connected to any nets. (LINT-28)
Warning: In design 'sigmaEB', port 'sigmaE[1][12][0]' is not connected to any nets. (LINT-28)
Warning: In design 'sigmaEB', port 'sigmaE[1][11][5]' is not connected to any nets. (LINT-28)
Warning: In design 'sigmaEB', port 'sigmaE[1][11][4]' is not connected to any nets. (LINT-28)
Warning: In design 'sigmaEB', port 'sigmaE[1][11][3]' is not connected to any nets. (LINT-28)
Warning: In design 'sigmaEB', port 'sigmaE[1][11][2]' is not connected to any nets. (LINT-28)
Warning: In design 'sigmaEB', port 'sigmaE[1][11][1]' is not connected to any nets. (LINT-28)
Warning: In design 'sigmaEB', port 'sigmaE[1][11][0]' is not connected to any nets. (LINT-28)
Warning: In design 'sigmaEB', port 'sigmaE[1][10][5]' is not connected to any nets. (LINT-28)
Warning: In design 'sigmaEB', port 'sigmaE[1][10][4]' is not connected to any nets. (LINT-28)
Warning: In design 'sigmaEB', port 'sigmaE[1][10][3]' is not connected to any nets. (LINT-28)
Warning: In design 'sigmaEB', port 'sigmaE[1][10][2]' is not connected to any nets. (LINT-28)
Warning: In design 'sigmaEB', port 'sigmaE[1][10][1]' is not connected to any nets. (LINT-28)
Warning: In design 'sigmaEB', port 'sigmaE[1][10][0]' is not connected to any nets. (LINT-28)
Warning: In design 'sigmaEB', port 'sigmaE[1][9][5]' is not connected to any nets. (LINT-28)
Warning: In design 'sigmaEB', port 'sigmaE[1][9][4]' is not connected to any nets. (LINT-28)
Warning: In design 'sigmaEB', port 'sigmaE[1][9][3]' is not connected to any nets. (LINT-28)
Warning: In design 'sigmaEB', port 'sigmaE[1][9][2]' is not connected to any nets. (LINT-28)
Warning: In design 'sigmaEB', port 'sigmaE[1][9][1]' is not connected to any nets. (LINT-28)
Warning: In design 'sigmaEB', port 'sigmaE[1][9][0]' is not connected to any nets. (LINT-28)
Warning: In design 'sigmaEB', port 'sigmaE[1][8][5]' is not connected to any nets. (LINT-28)
Warning: In design 'sigmaEB', port 'sigmaE[1][8][4]' is not connected to any nets. (LINT-28)
Warning: In design 'sigmaEB', port 'sigmaE[1][8][3]' is not connected to any nets. (LINT-28)
Warning: In design 'sigmaEB', port 'sigmaE[1][8][2]' is not connected to any nets. (LINT-28)
Warning: In design 'sigmaEB', port 'sigmaE[1][8][1]' is not connected to any nets. (LINT-28)
Warning: In design 'sigmaEB', port 'sigmaE[1][8][0]' is not connected to any nets. (LINT-28)
Warning: In design 'sigmaEB', port 'sigmaE[1][7][5]' is not connected to any nets. (LINT-28)
Warning: In design 'sigmaEB', port 'sigmaE[1][7][4]' is not connected to any nets. (LINT-28)
Warning: In design 'sigmaEB', port 'sigmaE[1][7][3]' is not connected to any nets. (LINT-28)
Warning: In design 'sigmaEB', port 'sigmaE[1][7][2]' is not connected to any nets. (LINT-28)
Warning: In design 'sigmaEB', port 'sigmaE[1][7][1]' is not connected to any nets. (LINT-28)
Warning: In design 'sigmaEB', port 'sigmaE[1][7][0]' is not connected to any nets. (LINT-28)
Warning: In design 'sigmaEB', port 'sigmaE[1][6][5]' is not connected to any nets. (LINT-28)
Warning: In design 'sigmaEB', port 'sigmaE[1][6][4]' is not connected to any nets. (LINT-28)
Warning: In design 'sigmaEB', port 'sigmaE[1][6][3]' is not connected to any nets. (LINT-28)
Warning: In design 'sigmaEB', port 'sigmaE[1][6][2]' is not connected to any nets. (LINT-28)
Warning: In design 'sigmaEB', port 'sigmaE[1][6][1]' is not connected to any nets. (LINT-28)
Warning: In design 'sigmaEB', port 'sigmaE[1][6][0]' is not connected to any nets. (LINT-28)
Warning: In design 'sigmaEB', port 'sigmaE[0][31][5]' is not connected to any nets. (LINT-28)
Warning: In design 'sigmaEB', port 'sigmaE[0][31][4]' is not connected to any nets. (LINT-28)
Warning: In design 'sigmaEB', port 'sigmaE[0][31][3]' is not connected to any nets. (LINT-28)
Warning: In design 'sigmaEB', port 'sigmaE[0][31][2]' is not connected to any nets. (LINT-28)
Warning: In design 'sigmaEB', port 'sigmaE[0][31][1]' is not connected to any nets. (LINT-28)
Warning: In design 'sigmaEB', port 'sigmaE[0][31][0]' is not connected to any nets. (LINT-28)
Warning: In design 'sigmaEB', port 'sigmaE[0][30][5]' is not connected to any nets. (LINT-28)
Warning: In design 'sigmaEB', port 'sigmaE[0][30][4]' is not connected to any nets. (LINT-28)
Warning: In design 'sigmaEB', port 'sigmaE[0][30][3]' is not connected to any nets. (LINT-28)
Warning: In design 'sigmaEB', port 'sigmaE[0][30][2]' is not connected to any nets. (LINT-28)
Warning: In design 'sigmaEB', port 'sigmaE[0][30][1]' is not connected to any nets. (LINT-28)
Warning: In design 'sigmaEB', port 'sigmaE[0][30][0]' is not connected to any nets. (LINT-28)
Warning: In design 'sigmaEB', port 'sigmaE[0][29][5]' is not connected to any nets. (LINT-28)
Warning: In design 'sigmaEB', port 'sigmaE[0][29][4]' is not connected to any nets. (LINT-28)
Warning: In design 'sigmaEB', port 'sigmaE[0][29][3]' is not connected to any nets. (LINT-28)
Warning: In design 'sigmaEB', port 'sigmaE[0][29][2]' is not connected to any nets. (LINT-28)
Warning: In design 'sigmaEB', port 'sigmaE[0][29][1]' is not connected to any nets. (LINT-28)
Warning: In design 'sigmaEB', port 'sigmaE[0][29][0]' is not connected to any nets. (LINT-28)
Warning: In design 'sigmaEB', port 'sigmaE[0][28][5]' is not connected to any nets. (LINT-28)
Warning: In design 'sigmaEB', port 'sigmaE[0][28][4]' is not connected to any nets. (LINT-28)
Warning: In design 'sigmaEB', port 'sigmaE[0][28][3]' is not connected to any nets. (LINT-28)
Warning: In design 'sigmaEB', port 'sigmaE[0][28][2]' is not connected to any nets. (LINT-28)
Warning: In design 'sigmaEB', port 'sigmaE[0][28][1]' is not connected to any nets. (LINT-28)
Warning: In design 'sigmaEB', port 'sigmaE[0][28][0]' is not connected to any nets. (LINT-28)
Warning: In design 'sigmaEB', port 'sigmaE[0][27][5]' is not connected to any nets. (LINT-28)
Warning: In design 'sigmaEB', port 'sigmaE[0][27][4]' is not connected to any nets. (LINT-28)
Warning: In design 'sigmaEB', port 'sigmaE[0][27][3]' is not connected to any nets. (LINT-28)
Warning: In design 'sigmaEB', port 'sigmaE[0][27][2]' is not connected to any nets. (LINT-28)
Warning: In design 'sigmaEB', port 'sigmaE[0][27][1]' is not connected to any nets. (LINT-28)
Warning: In design 'sigmaEB', port 'sigmaE[0][27][0]' is not connected to any nets. (LINT-28)
Warning: In design 'sigmaEB', port 'sigmaE[0][26][5]' is not connected to any nets. (LINT-28)
Warning: In design 'sigmaEB', port 'sigmaE[0][26][4]' is not connected to any nets. (LINT-28)
Warning: In design 'sigmaEB', port 'sigmaE[0][26][3]' is not connected to any nets. (LINT-28)
Warning: In design 'sigmaEB', port 'sigmaE[0][26][2]' is not connected to any nets. (LINT-28)
Warning: In design 'sigmaEB', port 'sigmaE[0][26][1]' is not connected to any nets. (LINT-28)
Warning: In design 'sigmaEB', port 'sigmaE[0][26][0]' is not connected to any nets. (LINT-28)
Warning: In design 'sigmaEB', port 'sigmaE[0][25][5]' is not connected to any nets. (LINT-28)
Warning: In design 'sigmaEB', port 'sigmaE[0][25][4]' is not connected to any nets. (LINT-28)
Warning: In design 'sigmaEB', port 'sigmaE[0][25][3]' is not connected to any nets. (LINT-28)
Warning: In design 'sigmaEB', port 'sigmaE[0][25][2]' is not connected to any nets. (LINT-28)
Warning: In design 'sigmaEB', port 'sigmaE[0][25][1]' is not connected to any nets. (LINT-28)
Warning: In design 'sigmaEB', port 'sigmaE[0][25][0]' is not connected to any nets. (LINT-28)
Warning: In design 'sigmaEB', port 'sigmaE[0][24][5]' is not connected to any nets. (LINT-28)
Warning: In design 'sigmaEB', port 'sigmaE[0][24][4]' is not connected to any nets. (LINT-28)
Warning: In design 'sigmaEB', port 'sigmaE[0][24][3]' is not connected to any nets. (LINT-28)
Warning: In design 'sigmaEB', port 'sigmaE[0][24][2]' is not connected to any nets. (LINT-28)
Warning: In design 'sigmaEB', port 'sigmaE[0][24][1]' is not connected to any nets. (LINT-28)
Warning: In design 'sigmaEB', port 'sigmaE[0][24][0]' is not connected to any nets. (LINT-28)
Warning: In design 'sigmaEB', port 'sigmaE[0][23][5]' is not connected to any nets. (LINT-28)
Warning: In design 'sigmaEB', port 'sigmaE[0][23][4]' is not connected to any nets. (LINT-28)
Warning: In design 'sigmaEB', port 'sigmaE[0][23][3]' is not connected to any nets. (LINT-28)
Warning: In design 'sigmaEB', port 'sigmaE[0][23][2]' is not connected to any nets. (LINT-28)
Warning: In design 'sigmaEB', port 'sigmaE[0][23][1]' is not connected to any nets. (LINT-28)
Warning: In design 'sigmaEB', port 'sigmaE[0][23][0]' is not connected to any nets. (LINT-28)
Warning: In design 'sigmaEB', port 'sigmaE[0][22][5]' is not connected to any nets. (LINT-28)
Warning: In design 'sigmaEB', port 'sigmaE[0][22][4]' is not connected to any nets. (LINT-28)
Warning: In design 'sigmaEB', port 'sigmaE[0][22][3]' is not connected to any nets. (LINT-28)
Warning: In design 'sigmaEB', port 'sigmaE[0][22][2]' is not connected to any nets. (LINT-28)
Warning: In design 'sigmaEB', port 'sigmaE[0][22][1]' is not connected to any nets. (LINT-28)
Warning: In design 'sigmaEB', port 'sigmaE[0][22][0]' is not connected to any nets. (LINT-28)
Warning: In design 'sigmaEB', port 'sigmaE[0][21][5]' is not connected to any nets. (LINT-28)
Warning: In design 'sigmaEB', port 'sigmaE[0][21][4]' is not connected to any nets. (LINT-28)
Warning: In design 'sigmaEB', port 'sigmaE[0][21][3]' is not connected to any nets. (LINT-28)
Warning: In design 'sigmaEB', port 'sigmaE[0][21][2]' is not connected to any nets. (LINT-28)
Warning: In design 'sigmaEB', port 'sigmaE[0][21][1]' is not connected to any nets. (LINT-28)
Warning: In design 'sigmaEB', port 'sigmaE[0][21][0]' is not connected to any nets. (LINT-28)
Warning: In design 'sigmaEB', port 'sigmaE[0][20][5]' is not connected to any nets. (LINT-28)
Warning: In design 'sigmaEB', port 'sigmaE[0][20][4]' is not connected to any nets. (LINT-28)
Warning: In design 'sigmaEB', port 'sigmaE[0][20][3]' is not connected to any nets. (LINT-28)
Warning: In design 'sigmaEB', port 'sigmaE[0][20][2]' is not connected to any nets. (LINT-28)
Warning: In design 'sigmaEB', port 'sigmaE[0][20][1]' is not connected to any nets. (LINT-28)
Warning: In design 'sigmaEB', port 'sigmaE[0][20][0]' is not connected to any nets. (LINT-28)
Warning: In design 'sigmaEB', port 'sigmaE[0][19][5]' is not connected to any nets. (LINT-28)
Warning: In design 'sigmaEB', port 'sigmaE[0][19][4]' is not connected to any nets. (LINT-28)
Warning: In design 'sigmaEB', port 'sigmaE[0][19][3]' is not connected to any nets. (LINT-28)
Warning: In design 'sigmaEB', port 'sigmaE[0][19][2]' is not connected to any nets. (LINT-28)
Warning: In design 'sigmaEB', port 'sigmaE[0][19][1]' is not connected to any nets. (LINT-28)
Warning: In design 'sigmaEB', port 'sigmaE[0][19][0]' is not connected to any nets. (LINT-28)
Warning: In design 'sigmaEB', port 'sigmaE[0][18][5]' is not connected to any nets. (LINT-28)
Warning: In design 'sigmaEB', port 'sigmaE[0][18][4]' is not connected to any nets. (LINT-28)
Warning: In design 'sigmaEB', port 'sigmaE[0][18][3]' is not connected to any nets. (LINT-28)
Warning: In design 'sigmaEB', port 'sigmaE[0][18][2]' is not connected to any nets. (LINT-28)
Warning: In design 'sigmaEB', port 'sigmaE[0][18][1]' is not connected to any nets. (LINT-28)
Warning: In design 'sigmaEB', port 'sigmaE[0][18][0]' is not connected to any nets. (LINT-28)
Warning: In design 'sigmaEB', port 'sigmaE[0][17][5]' is not connected to any nets. (LINT-28)
Warning: In design 'sigmaEB', port 'sigmaE[0][17][4]' is not connected to any nets. (LINT-28)
Warning: In design 'sigmaEB', port 'sigmaE[0][17][3]' is not connected to any nets. (LINT-28)
Warning: In design 'sigmaEB', port 'sigmaE[0][17][2]' is not connected to any nets. (LINT-28)
Warning: In design 'sigmaEB', port 'sigmaE[0][17][1]' is not connected to any nets. (LINT-28)
Warning: In design 'sigmaEB', port 'sigmaE[0][17][0]' is not connected to any nets. (LINT-28)
Warning: In design 'sigmaEB', port 'sigmaE[0][16][5]' is not connected to any nets. (LINT-28)
Warning: In design 'sigmaEB', port 'sigmaE[0][16][4]' is not connected to any nets. (LINT-28)
Warning: In design 'sigmaEB', port 'sigmaE[0][16][3]' is not connected to any nets. (LINT-28)
Warning: In design 'sigmaEB', port 'sigmaE[0][16][2]' is not connected to any nets. (LINT-28)
Warning: In design 'sigmaEB', port 'sigmaE[0][16][1]' is not connected to any nets. (LINT-28)
Warning: In design 'sigmaEB', port 'sigmaE[0][16][0]' is not connected to any nets. (LINT-28)
Warning: In design 'sigmaEB', port 'sigmaE[0][15][5]' is not connected to any nets. (LINT-28)
Warning: In design 'sigmaEB', port 'sigmaE[0][15][4]' is not connected to any nets. (LINT-28)
Warning: In design 'sigmaEB', port 'sigmaE[0][15][3]' is not connected to any nets. (LINT-28)
Warning: In design 'sigmaEB', port 'sigmaE[0][15][2]' is not connected to any nets. (LINT-28)
Warning: In design 'sigmaEB', port 'sigmaE[0][15][1]' is not connected to any nets. (LINT-28)
Warning: In design 'sigmaEB', port 'sigmaE[0][15][0]' is not connected to any nets. (LINT-28)
Warning: In design 'sigmaEB', port 'sigmaE[0][14][5]' is not connected to any nets. (LINT-28)
Warning: In design 'sigmaEB', port 'sigmaE[0][14][4]' is not connected to any nets. (LINT-28)
Warning: In design 'sigmaEB', port 'sigmaE[0][14][3]' is not connected to any nets. (LINT-28)
Warning: In design 'sigmaEB', port 'sigmaE[0][14][2]' is not connected to any nets. (LINT-28)
Warning: In design 'sigmaEB', port 'sigmaE[0][14][1]' is not connected to any nets. (LINT-28)
Warning: In design 'sigmaEB', port 'sigmaE[0][14][0]' is not connected to any nets. (LINT-28)
Warning: In design 'sigmaEB', port 'sigmaE[0][13][5]' is not connected to any nets. (LINT-28)
Warning: In design 'sigmaEB', port 'sigmaE[0][13][4]' is not connected to any nets. (LINT-28)
Warning: In design 'sigmaEB', port 'sigmaE[0][13][3]' is not connected to any nets. (LINT-28)
Warning: In design 'sigmaEB', port 'sigmaE[0][13][2]' is not connected to any nets. (LINT-28)
Warning: In design 'sigmaEB', port 'sigmaE[0][13][1]' is not connected to any nets. (LINT-28)
Warning: In design 'sigmaEB', port 'sigmaE[0][13][0]' is not connected to any nets. (LINT-28)
Warning: In design 'sigmaEB', port 'sigmaE[0][12][5]' is not connected to any nets. (LINT-28)
Warning: In design 'sigmaEB', port 'sigmaE[0][12][4]' is not connected to any nets. (LINT-28)
Warning: In design 'sigmaEB', port 'sigmaE[0][12][3]' is not connected to any nets. (LINT-28)
Warning: In design 'sigmaEB', port 'sigmaE[0][12][2]' is not connected to any nets. (LINT-28)
Warning: In design 'sigmaEB', port 'sigmaE[0][12][1]' is not connected to any nets. (LINT-28)
Warning: In design 'sigmaEB', port 'sigmaE[0][12][0]' is not connected to any nets. (LINT-28)
Warning: In design 'sigmaEB', port 'sigmaE[0][11][5]' is not connected to any nets. (LINT-28)
Warning: In design 'sigmaEB', port 'sigmaE[0][11][4]' is not connected to any nets. (LINT-28)
Warning: In design 'sigmaEB', port 'sigmaE[0][11][3]' is not connected to any nets. (LINT-28)
Warning: In design 'sigmaEB', port 'sigmaE[0][11][2]' is not connected to any nets. (LINT-28)
Warning: In design 'sigmaEB', port 'sigmaE[0][11][1]' is not connected to any nets. (LINT-28)
Warning: In design 'sigmaEB', port 'sigmaE[0][11][0]' is not connected to any nets. (LINT-28)
Warning: In design 'sigmaEB', port 'sigmaE[0][10][5]' is not connected to any nets. (LINT-28)
Warning: In design 'sigmaEB', port 'sigmaE[0][10][4]' is not connected to any nets. (LINT-28)
Warning: In design 'sigmaEB', port 'sigmaE[0][10][3]' is not connected to any nets. (LINT-28)
Warning: In design 'sigmaEB', port 'sigmaE[0][10][2]' is not connected to any nets. (LINT-28)
Warning: In design 'sigmaEB', port 'sigmaE[0][10][1]' is not connected to any nets. (LINT-28)
Warning: In design 'sigmaEB', port 'sigmaE[0][10][0]' is not connected to any nets. (LINT-28)
Warning: In design 'sigmaEB', port 'sigmaE[0][9][5]' is not connected to any nets. (LINT-28)
Warning: In design 'sigmaEB', port 'sigmaE[0][9][4]' is not connected to any nets. (LINT-28)
Warning: In design 'sigmaEB', port 'sigmaE[0][9][3]' is not connected to any nets. (LINT-28)
Warning: In design 'sigmaEB', port 'sigmaE[0][9][2]' is not connected to any nets. (LINT-28)
Warning: In design 'sigmaEB', port 'sigmaE[0][9][1]' is not connected to any nets. (LINT-28)
Warning: In design 'sigmaEB', port 'sigmaE[0][9][0]' is not connected to any nets. (LINT-28)
Warning: In design 'sigmaEB', port 'sigmaE[0][8][5]' is not connected to any nets. (LINT-28)
Warning: In design 'sigmaEB', port 'sigmaE[0][8][4]' is not connected to any nets. (LINT-28)
Warning: In design 'sigmaEB', port 'sigmaE[0][8][3]' is not connected to any nets. (LINT-28)
Warning: In design 'sigmaEB', port 'sigmaE[0][8][2]' is not connected to any nets. (LINT-28)
Warning: In design 'sigmaEB', port 'sigmaE[0][8][1]' is not connected to any nets. (LINT-28)
Warning: In design 'sigmaEB', port 'sigmaE[0][8][0]' is not connected to any nets. (LINT-28)
Warning: In design 'sigmaEB', port 'sigmaE[0][7][5]' is not connected to any nets. (LINT-28)
Warning: In design 'sigmaEB', port 'sigmaE[0][7][4]' is not connected to any nets. (LINT-28)
Warning: In design 'sigmaEB', port 'sigmaE[0][7][3]' is not connected to any nets. (LINT-28)
Warning: In design 'sigmaEB', port 'sigmaE[0][7][2]' is not connected to any nets. (LINT-28)
Warning: In design 'sigmaEB', port 'sigmaE[0][7][1]' is not connected to any nets. (LINT-28)
Warning: In design 'sigmaEB', port 'sigmaE[0][7][0]' is not connected to any nets. (LINT-28)
Warning: In design 'sigmaEB', port 'sigmaE[0][6][5]' is not connected to any nets. (LINT-28)
Warning: In design 'sigmaEB', port 'sigmaE[0][6][4]' is not connected to any nets. (LINT-28)
Warning: In design 'sigmaEB', port 'sigmaE[0][6][3]' is not connected to any nets. (LINT-28)
Warning: In design 'sigmaEB', port 'sigmaE[0][6][2]' is not connected to any nets. (LINT-28)
Warning: In design 'sigmaEB', port 'sigmaE[0][6][1]' is not connected to any nets. (LINT-28)
Warning: In design 'sigmaEB', port 'sigmaE[0][6][0]' is not connected to any nets. (LINT-28)
Warning: In design 'syndrome_pow', input port 'syn[1][5]' is connected directly to output port 'S[2][5]'. (LINT-29)
Warning: In design 'syndrome_pow', input port 'syn[1][4]' is connected directly to output port 'S[2][4]'. (LINT-29)
Warning: In design 'syndrome_pow', input port 'syn[1][3]' is connected directly to output port 'S[2][3]'. (LINT-29)
Warning: In design 'syndrome_pow', input port 'syn[1][2]' is connected directly to output port 'S[2][2]'. (LINT-29)
Warning: In design 'syndrome_pow', input port 'syn[1][1]' is connected directly to output port 'S[2][1]'. (LINT-29)
Warning: In design 'syndrome_pow', input port 'syn[1][0]' is connected directly to output port 'S[2][0]'. (LINT-29)
Warning: In design 'syndrome_pow', input port 'syn[0][5]' is connected directly to output port 'S[0][5]'. (LINT-29)
Warning: In design 'syndrome_pow', input port 'syn[0][5]' is connected directly to output port 'S[1][5]'. (LINT-29)
Warning: In design 'syndrome_pow', input port 'syn[0][5]' is connected directly to output port 'S[3][5]'. (LINT-29)
Warning: In design 'syndrome_pow', input port 'syn[0][4]' is connected directly to output port 'S[0][4]'. (LINT-29)
Warning: In design 'syndrome_pow', input port 'syn[0][4]' is connected directly to output port 'S[1][3]'. (LINT-29)
Warning: In design 'syndrome_pow', input port 'syn[0][4]' is connected directly to output port 'S[3][1]'. (LINT-29)
Warning: In design 'syndrome_pow', input port 'syn[0][3]' is connected directly to output port 'S[0][3]'. (LINT-29)
Warning: In design 'syndrome_pow', input port 'syn[0][3]' is connected directly to output port 'S[1][1]'. (LINT-29)
Warning: In design 'syndrome_pow', input port 'syn[0][2]' is connected directly to output port 'S[0][2]'. (LINT-29)
Warning: In design 'syndrome_pow', input port 'syn[0][1]' is connected directly to output port 'S[0][1]'. (LINT-29)
Warning: In design 'syndrome_pow', input port 'syn[0][0]' is connected directly to output port 'S[0][0]'. (LINT-29)
Warning: In design 'BM_control', input port 'syndrome_rdy' is connected directly to output port 'start'. (LINT-29)
Warning: In design 'NKES_ctrl', input port 'discrepancy_in[5]' is connected directly to output port 'discrepancy_out[5]'. (LINT-29)
Warning: In design 'NKES_ctrl', input port 'discrepancy_in[4]' is connected directly to output port 'discrepancy_out[4]'. (LINT-29)
Warning: In design 'NKES_ctrl', input port 'discrepancy_in[3]' is connected directly to output port 'discrepancy_out[3]'. (LINT-29)
Warning: In design 'NKES_ctrl', input port 'discrepancy_in[2]' is connected directly to output port 'discrepancy_out[2]'. (LINT-29)
Warning: In design 'NKES_ctrl', input port 'discrepancy_in[1]' is connected directly to output port 'discrepancy_out[1]'. (LINT-29)
Warning: In design 'NKES_ctrl', input port 'discrepancy_in[0]' is connected directly to output port 'discrepancy_out[0]'. (LINT-29)
Warning: In design 'chien_rotate', input port 'sigma[6][3]' is connected directly to output port 'sigma_rot[6][0]'. (LINT-29)
Warning: In design 'chien_rotate', input port 'sigma[6][2]' is connected directly to output port 'sigma_rot[6][5]'. (LINT-29)
Warning: In design 'chien_rotate', input port 'sigma[6][1]' is connected directly to output port 'sigma_rot[6][4]'. (LINT-29)
Warning: In design 'chien_rotate', input port 'sigma[4][4]' is connected directly to output port 'sigma_rot[4][0]'. (LINT-29)
Warning: In design 'chien_rotate', input port 'sigma[4][3]' is connected directly to output port 'sigma_rot[4][5]'. (LINT-29)
Warning: In design 'chien_rotate', input port 'sigma[4][2]' is connected directly to output port 'sigma_rot[4][4]'. (LINT-29)
Warning: In design 'chien_rotate', input port 'sigma[4][1]' is connected directly to output port 'sigma_rot[4][3]'. (LINT-29)
Warning: In design 'chien_rotate', input port 'sigma[2][5]' is connected directly to output port 'sigma_rot[2][0]'. (LINT-29)
Warning: In design 'chien_rotate', input port 'sigma[2][4]' is connected directly to output port 'sigma_rot[2][5]'. (LINT-29)
Warning: In design 'chien_rotate', input port 'sigma[2][3]' is connected directly to output port 'sigma_rot[2][4]'. (LINT-29)
Warning: In design 'chien_rotate', input port 'sigma[2][2]' is connected directly to output port 'sigma_rot[2][3]'. (LINT-29)
Warning: In design 'chien_rotate', input port 'sigma[2][1]' is connected directly to output port 'sigma_rot[2][2]'. (LINT-29)
Warning: In design 'chien_rotate', input port 'sigma[0][5]' is connected directly to output port 'sigma_rot[0][5]'. (LINT-29)
Warning: In design 'chien_rotate', input port 'sigma[0][4]' is connected directly to output port 'sigma_rot[0][4]'. (LINT-29)
Warning: In design 'chien_rotate', input port 'sigma[0][3]' is connected directly to output port 'sigma_rot[0][3]'. (LINT-29)
Warning: In design 'chien_rotate', input port 'sigma[0][2]' is connected directly to output port 'sigma_rot[0][2]'. (LINT-29)
Warning: In design 'chien_rotate', input port 'sigma[0][1]' is connected directly to output port 'sigma_rot[0][1]'. (LINT-29)
Warning: In design 'chien_rotate', input port 'sigma[0][0]' is connected directly to output port 'sigma_rot[0][0]'. (LINT-29)
Warning: In design 'sigmaE', input port 'sigma[5][5]' is connected directly to output port 'y[2][0][5]'. (LINT-29)
Warning: In design 'sigmaE', input port 'sigma[5][4]' is connected directly to output port 'y[2][0][4]'. (LINT-29)
Warning: In design 'sigmaE', input port 'sigma[5][3]' is connected directly to output port 'y[2][0][3]'. (LINT-29)
Warning: In design 'sigmaE', input port 'sigma[5][2]' is connected directly to output port 'y[2][0][2]'. (LINT-29)
Warning: In design 'sigmaE', input port 'sigma[5][1]' is connected directly to output port 'y[2][0][1]'. (LINT-29)
Warning: In design 'sigmaE', input port 'sigma[5][1]' is connected directly to output port 'y[2][1][0]'. (LINT-29)
Warning: In design 'sigmaE', input port 'sigma[5][0]' is connected directly to output port 'y[2][0][0]'. (LINT-29)
Warning: In design 'chien_search', output port 'nested_cdone' is connected directly to output port 'nested_cfail'. (LINT-31)
Warning: In design 'syndrome_pow', output port 'S[3][5]' is connected directly to output port 'S[0][5]'. (LINT-31)
Warning: In design 'syndrome_pow', output port 'S[3][5]' is connected directly to output port 'S[1][5]'. (LINT-31)
Warning: In design 'syndrome_pow', output port 'S[3][3]' is connected directly to output port 'S[1][4]'. (LINT-31)
Warning: In design 'syndrome_pow', output port 'S[3][1]' is connected directly to output port 'S[0][4]'. (LINT-31)
Warning: In design 'syndrome_pow', output port 'S[3][1]' is connected directly to output port 'S[1][3]'. (LINT-31)
Warning: In design 'syndrome_pow', output port 'S[1][1]' is connected directly to output port 'S[0][3]'. (LINT-31)
Warning: In design 'sigmaE', output port 'y[2][5][0]' is connected directly to output port 'y[2][4][1]'. (LINT-31)
Warning: In design 'sigmaE', output port 'y[2][4][0]' is connected directly to output port 'y[2][3][1]'. (LINT-31)
Warning: In design 'sigmaE', output port 'y[2][3][0]' is connected directly to output port 'y[2][2][1]'. (LINT-31)
Warning: In design 'sigmaE', output port 'y[2][2][0]' is connected directly to output port 'y[2][1][1]'. (LINT-31)
Warning: In design 'sigmaE', output port 'y[2][1][0]' is connected directly to output port 'y[2][0][1]'. (LINT-31)
Warning: In design 'CHIP', a pin on submodule 'nkes0' is connected to logic 1 or logic 0. (LINT-32)
   Pin 'syn_rdy' is connected to logic 0. 
Warning: In design 'CHIP', a pin on submodule 'cs0' is connected to logic 1 or logic 0. (LINT-32)
   Pin 'sigma[6][5]' is connected to logic 0. 
Warning: In design 'CHIP', a pin on submodule 'cs0' is connected to logic 1 or logic 0. (LINT-32)
   Pin 'sigma[6][4]' is connected to logic 0. 
Warning: In design 'CHIP', a pin on submodule 'cs0' is connected to logic 1 or logic 0. (LINT-32)
   Pin 'sigma[6][3]' is connected to logic 0. 
Warning: In design 'CHIP', a pin on submodule 'cs0' is connected to logic 1 or logic 0. (LINT-32)
   Pin 'sigma[6][2]' is connected to logic 0. 
Warning: In design 'CHIP', a pin on submodule 'cs0' is connected to logic 1 or logic 0. (LINT-32)
   Pin 'sigma[6][1]' is connected to logic 0. 
Warning: In design 'CHIP', a pin on submodule 'cs0' is connected to logic 1 or logic 0. (LINT-32)
   Pin 'sigma[6][0]' is connected to logic 0. 
Warning: In design 'CHIP', a pin on submodule 'cs0' is connected to logic 1 or logic 0. (LINT-32)
   Pin 'sigma[5][5]' is connected to logic 0. 
Warning: In design 'CHIP', a pin on submodule 'cs0' is connected to logic 1 or logic 0. (LINT-32)
   Pin 'sigma[5][4]' is connected to logic 0. 
Warning: In design 'CHIP', a pin on submodule 'cs0' is connected to logic 1 or logic 0. (LINT-32)
   Pin 'sigma[5][3]' is connected to logic 0. 
Warning: In design 'CHIP', a pin on submodule 'cs0' is connected to logic 1 or logic 0. (LINT-32)
   Pin 'sigma[5][2]' is connected to logic 0. 
Warning: In design 'CHIP', a pin on submodule 'cs0' is connected to logic 1 or logic 0. (LINT-32)
   Pin 'sigma[5][1]' is connected to logic 0. 
Warning: In design 'CHIP', a pin on submodule 'cs0' is connected to logic 1 or logic 0. (LINT-32)
   Pin 'sigma[5][0]' is connected to logic 0. 
Warning: In design 'CHIP', a pin on submodule 'cs0' is connected to logic 1 or logic 0. (LINT-32)
   Pin 'sigma[4][5]' is connected to logic 0. 
Warning: In design 'CHIP', a pin on submodule 'cs0' is connected to logic 1 or logic 0. (LINT-32)
   Pin 'sigma[4][4]' is connected to logic 0. 
Warning: In design 'CHIP', a pin on submodule 'cs0' is connected to logic 1 or logic 0. (LINT-32)
   Pin 'sigma[4][3]' is connected to logic 0. 
Warning: In design 'CHIP', a pin on submodule 'cs0' is connected to logic 1 or logic 0. (LINT-32)
   Pin 'sigma[4][2]' is connected to logic 0. 
Warning: In design 'CHIP', a pin on submodule 'cs0' is connected to logic 1 or logic 0. (LINT-32)
   Pin 'sigma[4][1]' is connected to logic 0. 
Warning: In design 'CHIP', a pin on submodule 'cs0' is connected to logic 1 or logic 0. (LINT-32)
   Pin 'sigma[4][0]' is connected to logic 0. 
Warning: In design 'CHIP', a pin on submodule 'cs0' is connected to logic 1 or logic 0. (LINT-32)
   Pin 'sigma[3][5]' is connected to logic 0. 
Warning: In design 'CHIP', a pin on submodule 'cs0' is connected to logic 1 or logic 0. (LINT-32)
   Pin 'sigma[3][4]' is connected to logic 0. 
Warning: In design 'CHIP', a pin on submodule 'cs0' is connected to logic 1 or logic 0. (LINT-32)
   Pin 'sigma[3][3]' is connected to logic 0. 
Warning: In design 'CHIP', a pin on submodule 'cs0' is connected to logic 1 or logic 0. (LINT-32)
   Pin 'sigma[3][2]' is connected to logic 0. 
Warning: In design 'CHIP', a pin on submodule 'cs0' is connected to logic 1 or logic 0. (LINT-32)
   Pin 'sigma[3][1]' is connected to logic 0. 
Warning: In design 'CHIP', a pin on submodule 'cs0' is connected to logic 1 or logic 0. (LINT-32)
   Pin 'sigma[3][0]' is connected to logic 0. 
Warning: In design 'BM', a pin on submodule 'u_PE00' is connected to logic 1 or logic 0. (LINT-32)
   Pin 'sigma_init[5]' is connected to logic 0. 
Warning: In design 'BM', a pin on submodule 'u_PE00' is connected to logic 1 or logic 0. (LINT-32)
   Pin 'sigma_init[4]' is connected to logic 0. 
Warning: In design 'BM', a pin on submodule 'u_PE00' is connected to logic 1 or logic 0. (LINT-32)
   Pin 'sigma_init[3]' is connected to logic 0. 
Warning: In design 'BM', a pin on submodule 'u_PE00' is connected to logic 1 or logic 0. (LINT-32)
   Pin 'sigma_init[2]' is connected to logic 0. 
Warning: In design 'BM', a pin on submodule 'u_PE00' is connected to logic 1 or logic 0. (LINT-32)
   Pin 'sigma_init[1]' is connected to logic 0. 
Warning: In design 'BM', a pin on submodule 'u_PE00' is connected to logic 1 or logic 0. (LINT-32)
   Pin 'sigma_init[0]' is connected to logic 1. 
Warning: In design 'BM', a pin on submodule 'u_PE00' is connected to logic 1 or logic 0. (LINT-32)
   Pin 'b_poly_in[5]' is connected to logic 0. 
Warning: In design 'BM', a pin on submodule 'u_PE00' is connected to logic 1 or logic 0. (LINT-32)
   Pin 'b_poly_in[4]' is connected to logic 0. 
Warning: In design 'BM', a pin on submodule 'u_PE00' is connected to logic 1 or logic 0. (LINT-32)
   Pin 'b_poly_in[3]' is connected to logic 0. 
Warning: In design 'BM', a pin on submodule 'u_PE00' is connected to logic 1 or logic 0. (LINT-32)
   Pin 'b_poly_in[2]' is connected to logic 0. 
Warning: In design 'BM', a pin on submodule 'u_PE00' is connected to logic 1 or logic 0. (LINT-32)
   Pin 'b_poly_in[1]' is connected to logic 0. 
Warning: In design 'BM', a pin on submodule 'u_PE00' is connected to logic 1 or logic 0. (LINT-32)
   Pin 'b_poly_in[0]' is connected to logic 0. 
Warning: In design 'BM', a pin on submodule 'u_PE01' is connected to logic 1 or logic 0. (LINT-32)
   Pin 'sigma_init[5]' is connected to logic 0. 
Warning: In design 'BM', a pin on submodule 'u_PE01' is connected to logic 1 or logic 0. (LINT-32)
   Pin 'sigma_init[4]' is connected to logic 0. 
Warning: In design 'BM', a pin on submodule 'u_PE01' is connected to logic 1 or logic 0. (LINT-32)
   Pin 'sigma_init[3]' is connected to logic 0. 
Warning: In design 'BM', a pin on submodule 'u_PE01' is connected to logic 1 or logic 0. (LINT-32)
   Pin 'sigma_init[2]' is connected to logic 0. 
Warning: In design 'BM', a pin on submodule 'u_PE01' is connected to logic 1 or logic 0. (LINT-32)
   Pin 'sigma_init[1]' is connected to logic 0. 
Warning: In design 'BM', a pin on submodule 'u_PE01' is connected to logic 1 or logic 0. (LINT-32)
   Pin 'sigma_init[0]' is connected to logic 0. 
Warning: In design 'BM', a pin on submodule 'u_PE01' is connected to logic 1 or logic 0. (LINT-32)
   Pin 'b_poly_in[5]' is connected to logic 0. 
Warning: In design 'BM', a pin on submodule 'u_PE01' is connected to logic 1 or logic 0. (LINT-32)
   Pin 'b_poly_in[4]' is connected to logic 0. 
Warning: In design 'BM', a pin on submodule 'u_PE01' is connected to logic 1 or logic 0. (LINT-32)
   Pin 'b_poly_in[3]' is connected to logic 0. 
Warning: In design 'BM', a pin on submodule 'u_PE01' is connected to logic 1 or logic 0. (LINT-32)
   Pin 'b_poly_in[2]' is connected to logic 0. 
Warning: In design 'BM', a pin on submodule 'u_PE01' is connected to logic 1 or logic 0. (LINT-32)
   Pin 'b_poly_in[1]' is connected to logic 0. 
Warning: In design 'BM', a pin on submodule 'u_PE02' is connected to logic 1 or logic 0. (LINT-32)
   Pin 'sigma_init[5]' is connected to logic 0. 
Warning: In design 'BM', a pin on submodule 'u_PE02' is connected to logic 1 or logic 0. (LINT-32)
   Pin 'sigma_init[4]' is connected to logic 0. 
Warning: In design 'BM', a pin on submodule 'u_PE02' is connected to logic 1 or logic 0. (LINT-32)
   Pin 'sigma_init[3]' is connected to logic 0. 
Warning: In design 'BM', a pin on submodule 'u_PE02' is connected to logic 1 or logic 0. (LINT-32)
   Pin 'sigma_init[2]' is connected to logic 0. 
Warning: In design 'BM', a pin on submodule 'u_PE02' is connected to logic 1 or logic 0. (LINT-32)
   Pin 'sigma_init[1]' is connected to logic 0. 
Warning: In design 'BM', a pin on submodule 'u_PE02' is connected to logic 1 or logic 0. (LINT-32)
   Pin 'sigma_init[0]' is connected to logic 0. 
Warning: In design 'BM', a pin on submodule 'u_PE12' is connected to logic 1 or logic 0. (LINT-32)
   Pin 'delta_poly_in[5]' is connected to logic 0. 
Warning: In design 'BM', a pin on submodule 'u_PE12' is connected to logic 1 or logic 0. (LINT-32)
   Pin 'delta_poly_in[4]' is connected to logic 0. 
Warning: In design 'BM', a pin on submodule 'u_PE12' is connected to logic 1 or logic 0. (LINT-32)
   Pin 'delta_poly_in[3]' is connected to logic 0. 
Warning: In design 'BM', a pin on submodule 'u_PE12' is connected to logic 1 or logic 0. (LINT-32)
   Pin 'delta_poly_in[2]' is connected to logic 0. 
Warning: In design 'BM', a pin on submodule 'u_PE12' is connected to logic 1 or logic 0. (LINT-32)
   Pin 'delta_poly_in[1]' is connected to logic 0. 
Warning: In design 'BM', a pin on submodule 'u_PE12' is connected to logic 1 or logic 0. (LINT-32)
   Pin 'delta_poly_in[0]' is connected to logic 0. 
Warning: In design 'NKES', a pin on submodule 'u_PU' is connected to logic 1 or logic 0. (LINT-32)
   Pin 'delta_even_in[2][5]' is connected to logic 0. 
Warning: In design 'NKES', a pin on submodule 'u_PU' is connected to logic 1 or logic 0. (LINT-32)
   Pin 'delta_even_in[2][4]' is connected to logic 0. 
Warning: In design 'NKES', a pin on submodule 'u_PU' is connected to logic 1 or logic 0. (LINT-32)
   Pin 'delta_even_in[2][3]' is connected to logic 0. 
Warning: In design 'NKES', a pin on submodule 'u_PU' is connected to logic 1 or logic 0. (LINT-32)
   Pin 'delta_even_in[2][2]' is connected to logic 0. 
Warning: In design 'NKES', a pin on submodule 'u_PU' is connected to logic 1 or logic 0. (LINT-32)
   Pin 'delta_even_in[2][1]' is connected to logic 0. 
Warning: In design 'NKES', a pin on submodule 'u_PU' is connected to logic 1 or logic 0. (LINT-32)
   Pin 'delta_even_in[2][0]' is connected to logic 0. 
Warning: In design 'NKES', a pin on submodule 'u_PU' is connected to logic 1 or logic 0. (LINT-32)
   Pin 'theta_even_in[2][5]' is connected to logic 0. 
Warning: In design 'NKES', a pin on submodule 'u_PU' is connected to logic 1 or logic 0. (LINT-32)
   Pin 'theta_even_in[2][4]' is connected to logic 0. 
Warning: In design 'NKES', a pin on submodule 'u_PU' is connected to logic 1 or logic 0. (LINT-32)
   Pin 'theta_even_in[2][3]' is connected to logic 0. 
Warning: In design 'NKES', a pin on submodule 'u_PU' is connected to logic 1 or logic 0. (LINT-32)
   Pin 'theta_even_in[2][2]' is connected to logic 0. 
Warning: In design 'NKES', a pin on submodule 'u_PU' is connected to logic 1 or logic 0. (LINT-32)
   Pin 'theta_even_in[2][1]' is connected to logic 0. 
Warning: In design 'NKES', a pin on submodule 'u_PU' is connected to logic 1 or logic 0. (LINT-32)
   Pin 'theta_even_in[2][0]' is connected to logic 0. 
Warning: In design 'NKES', a pin on submodule 'u_PU' is connected to logic 1 or logic 0. (LINT-32)
   Pin 'sigma_even_in[2][5]' is connected to logic 0. 
Warning: In design 'NKES', a pin on submodule 'u_PU' is connected to logic 1 or logic 0. (LINT-32)
   Pin 'sigma_even_in[2][4]' is connected to logic 0. 
Warning: In design 'NKES', a pin on submodule 'u_PU' is connected to logic 1 or logic 0. (LINT-32)
   Pin 'sigma_even_in[2][3]' is connected to logic 0. 
Warning: In design 'NKES', a pin on submodule 'u_PU' is connected to logic 1 or logic 0. (LINT-32)
   Pin 'sigma_even_in[2][2]' is connected to logic 0. 
Warning: In design 'NKES', a pin on submodule 'u_PU' is connected to logic 1 or logic 0. (LINT-32)
   Pin 'sigma_even_in[2][1]' is connected to logic 0. 
Warning: In design 'NKES', a pin on submodule 'u_PU' is connected to logic 1 or logic 0. (LINT-32)
   Pin 'sigma_even_in[2][0]' is connected to logic 0. 
Warning: In design 'NKES', a pin on submodule 'u_PU' is connected to logic 1 or logic 0. (LINT-32)
   Pin 'b_even_in[2][5]' is connected to logic 0. 
Warning: In design 'NKES', a pin on submodule 'u_PU' is connected to logic 1 or logic 0. (LINT-32)
   Pin 'b_even_in[2][4]' is connected to logic 0. 
Warning: In design 'NKES', a pin on submodule 'u_PU' is connected to logic 1 or logic 0. (LINT-32)
   Pin 'b_even_in[2][3]' is connected to logic 0. 
Warning: In design 'NKES', a pin on submodule 'u_PU' is connected to logic 1 or logic 0. (LINT-32)
   Pin 'b_even_in[2][2]' is connected to logic 0. 
Warning: In design 'NKES', a pin on submodule 'u_PU' is connected to logic 1 or logic 0. (LINT-32)
   Pin 'b_even_in[2][1]' is connected to logic 0. 
Warning: In design 'NKES', a pin on submodule 'u_PU' is connected to logic 1 or logic 0. (LINT-32)
   Pin 'b_even_in[2][0]' is connected to logic 0. 
Warning: In design 'NKES', a pin on submodule 'u_PE10' is connected to logic 1 or logic 0. (LINT-32)
   Pin 'b_even[5]' is connected to logic 0. 
Warning: In design 'NKES', a pin on submodule 'u_PE10' is connected to logic 1 or logic 0. (LINT-32)
   Pin 'b_even[4]' is connected to logic 0. 
Warning: In design 'NKES', a pin on submodule 'u_PE10' is connected to logic 1 or logic 0. (LINT-32)
   Pin 'b_even[3]' is connected to logic 0. 
Warning: In design 'NKES', a pin on submodule 'u_PE10' is connected to logic 1 or logic 0. (LINT-32)
   Pin 'b_even[2]' is connected to logic 0. 
Warning: In design 'NKES', a pin on submodule 'u_PE10' is connected to logic 1 or logic 0. (LINT-32)
   Pin 'b_even[1]' is connected to logic 0. 
Warning: In design 'NKES', a pin on submodule 'u_PE10' is connected to logic 1 or logic 0. (LINT-32)
   Pin 'b_even[0]' is connected to logic 0. 
Warning: In design 'NKES', a pin on submodule 'u_PE10' is connected to logic 1 or logic 0. (LINT-32)
   Pin 'b_odd[5]' is connected to logic 0. 
Warning: In design 'NKES', a pin on submodule 'u_PE10' is connected to logic 1 or logic 0. (LINT-32)
   Pin 'b_odd[4]' is connected to logic 0. 
Warning: In design 'NKES', a pin on submodule 'u_PE10' is connected to logic 1 or logic 0. (LINT-32)
   Pin 'b_odd[3]' is connected to logic 0. 
Warning: In design 'NKES', a pin on submodule 'u_PE10' is connected to logic 1 or logic 0. (LINT-32)
   Pin 'b_odd[2]' is connected to logic 0. 
Warning: In design 'NKES', a pin on submodule 'u_PE10' is connected to logic 1 or logic 0. (LINT-32)
   Pin 'b_odd[1]' is connected to logic 0. 
Warning: In design 'NKES', a pin on submodule 'u_PE10' is connected to logic 1 or logic 0. (LINT-32)
   Pin 'b_odd[0]' is connected to logic 0. 
Warning: In design 'NKES', a pin on submodule 'u_PE13' is connected to logic 1 or logic 0. (LINT-32)
   Pin 'delta_init[5]' is connected to logic 0. 
Warning: In design 'NKES', a pin on submodule 'u_PE13' is connected to logic 1 or logic 0. (LINT-32)
   Pin 'delta_init[4]' is connected to logic 0. 
Warning: In design 'NKES', a pin on submodule 'u_PE13' is connected to logic 1 or logic 0. (LINT-32)
   Pin 'delta_init[3]' is connected to logic 0. 
Warning: In design 'NKES', a pin on submodule 'u_PE13' is connected to logic 1 or logic 0. (LINT-32)
   Pin 'delta_init[2]' is connected to logic 0. 
Warning: In design 'NKES', a pin on submodule 'u_PE13' is connected to logic 1 or logic 0. (LINT-32)
   Pin 'delta_init[1]' is connected to logic 0. 
Warning: In design 'NKES', a pin on submodule 'u_PE13' is connected to logic 1 or logic 0. (LINT-32)
   Pin 'delta_init[0]' is connected to logic 0. 
Warning: In design 'NKES', a pin on submodule 'u_PE13' is connected to logic 1 or logic 0. (LINT-32)
   Pin 'theta_init[5]' is connected to logic 0. 
Warning: In design 'NKES', a pin on submodule 'u_PE13' is connected to logic 1 or logic 0. (LINT-32)
   Pin 'theta_init[4]' is connected to logic 0. 
Warning: In design 'NKES', a pin on submodule 'u_PE13' is connected to logic 1 or logic 0. (LINT-32)
   Pin 'theta_init[3]' is connected to logic 0. 
Warning: In design 'NKES', a pin on submodule 'u_PE13' is connected to logic 1 or logic 0. (LINT-32)
   Pin 'theta_init[2]' is connected to logic 0. 
Warning: In design 'NKES', a pin on submodule 'u_PE13' is connected to logic 1 or logic 0. (LINT-32)
   Pin 'theta_init[1]' is connected to logic 0. 
Warning: In design 'NKES', a pin on submodule 'u_PE13' is connected to logic 1 or logic 0. (LINT-32)
   Pin 'theta_init[0]' is connected to logic 0. 
Warning: In design 'NKES', a pin on submodule 'u_PE13' is connected to logic 1 or logic 0. (LINT-32)
   Pin 'delta_poly_in[5]' is connected to logic 0. 
Warning: In design 'NKES', a pin on submodule 'u_PE13' is connected to logic 1 or logic 0. (LINT-32)
   Pin 'delta_poly_in[4]' is connected to logic 0. 
Warning: In design 'NKES', a pin on submodule 'u_PE13' is connected to logic 1 or logic 0. (LINT-32)
   Pin 'delta_poly_in[3]' is connected to logic 0. 
Warning: In design 'NKES', a pin on submodule 'u_PE13' is connected to logic 1 or logic 0. (LINT-32)
   Pin 'delta_poly_in[2]' is connected to logic 0. 
Warning: In design 'NKES', a pin on submodule 'u_PE13' is connected to logic 1 or logic 0. (LINT-32)
   Pin 'delta_poly_in[1]' is connected to logic 0. 
Warning: In design 'NKES', a pin on submodule 'u_PE13' is connected to logic 1 or logic 0. (LINT-32)
   Pin 'delta_poly_in[0]' is connected to logic 0. 
Warning: In design 'NKES', a pin on submodule 'u_PE00' is connected to logic 1 or logic 0. (LINT-32)
   Pin 'b_poly_in[5]' is connected to logic 0. 
Warning: In design 'NKES', a pin on submodule 'u_PE00' is connected to logic 1 or logic 0. (LINT-32)
   Pin 'b_poly_in[4]' is connected to logic 0. 
Warning: In design 'NKES', a pin on submodule 'u_PE00' is connected to logic 1 or logic 0. (LINT-32)
   Pin 'b_poly_in[3]' is connected to logic 0. 
Warning: In design 'NKES', a pin on submodule 'u_PE00' is connected to logic 1 or logic 0. (LINT-32)
   Pin 'b_poly_in[2]' is connected to logic 0. 
Warning: In design 'NKES', a pin on submodule 'u_PE00' is connected to logic 1 or logic 0. (LINT-32)
   Pin 'b_poly_in[1]' is connected to logic 0. 
Warning: In design 'NKES', a pin on submodule 'u_PE00' is connected to logic 1 or logic 0. (LINT-32)
   Pin 'b_poly_in[0]' is connected to logic 0. 
Warning: In design 'NKES', a pin on submodule 'u_PE04' is connected to logic 1 or logic 0. (LINT-32)
   Pin 'sigma_init[5]' is connected to logic 0. 
Warning: In design 'NKES', a pin on submodule 'u_PE04' is connected to logic 1 or logic 0. (LINT-32)
   Pin 'sigma_init[4]' is connected to logic 0. 
Warning: In design 'NKES', a pin on submodule 'u_PE04' is connected to logic 1 or logic 0. (LINT-32)
   Pin 'sigma_init[3]' is connected to logic 0. 
Warning: In design 'NKES', a pin on submodule 'u_PE04' is connected to logic 1 or logic 0. (LINT-32)
   Pin 'sigma_init[2]' is connected to logic 0. 
Warning: In design 'NKES', a pin on submodule 'u_PE04' is connected to logic 1 or logic 0. (LINT-32)
   Pin 'sigma_init[1]' is connected to logic 0. 
Warning: In design 'NKES', a pin on submodule 'u_PE04' is connected to logic 1 or logic 0. (LINT-32)
   Pin 'sigma_init[0]' is connected to logic 0. 
Warning: In design 'NKES', a pin on submodule 'u_PE04' is connected to logic 1 or logic 0. (LINT-32)
   Pin 'b_init[5]' is connected to logic 0. 
Warning: In design 'NKES', a pin on submodule 'u_PE04' is connected to logic 1 or logic 0. (LINT-32)
   Pin 'b_init[4]' is connected to logic 0. 
Warning: In design 'NKES', a pin on submodule 'u_PE04' is connected to logic 1 or logic 0. (LINT-32)
   Pin 'b_init[3]' is connected to logic 0. 
Warning: In design 'NKES', a pin on submodule 'u_PE04' is connected to logic 1 or logic 0. (LINT-32)
   Pin 'b_init[2]' is connected to logic 0. 
Warning: In design 'NKES', a pin on submodule 'u_PE04' is connected to logic 1 or logic 0. (LINT-32)
   Pin 'b_init[1]' is connected to logic 0. 
Warning: In design 'NKES', a pin on submodule 'u_PE04' is connected to logic 1 or logic 0. (LINT-32)
   Pin 'b_init[0]' is connected to logic 0. 
Warning: In design 'NKES', a pin on submodule 'u_PE06' is connected to logic 1 or logic 0. (LINT-32)
   Pin 'sigma_init[5]' is connected to logic 0. 
Warning: In design 'NKES', a pin on submodule 'u_PE06' is connected to logic 1 or logic 0. (LINT-32)
   Pin 'sigma_init[4]' is connected to logic 0. 
Warning: In design 'NKES', a pin on submodule 'u_PE06' is connected to logic 1 or logic 0. (LINT-32)
   Pin 'sigma_init[3]' is connected to logic 0. 
Warning: In design 'NKES', a pin on submodule 'u_PE06' is connected to logic 1 or logic 0. (LINT-32)
   Pin 'sigma_init[2]' is connected to logic 0. 
Warning: In design 'NKES', a pin on submodule 'u_PE06' is connected to logic 1 or logic 0. (LINT-32)
   Pin 'sigma_init[1]' is connected to logic 0. 
Warning: In design 'NKES', a pin on submodule 'u_PE06' is connected to logic 1 or logic 0. (LINT-32)
   Pin 'sigma_init[0]' is connected to logic 0. 
Warning: In design 'NKES', a pin on submodule 'u_PE06' is connected to logic 1 or logic 0. (LINT-32)
   Pin 'b_init[5]' is connected to logic 0. 
Warning: In design 'NKES', a pin on submodule 'u_PE06' is connected to logic 1 or logic 0. (LINT-32)
   Pin 'b_init[4]' is connected to logic 0. 
Warning: In design 'NKES', a pin on submodule 'u_PE06' is connected to logic 1 or logic 0. (LINT-32)
   Pin 'b_init[3]' is connected to logic 0. 
Warning: In design 'NKES', a pin on submodule 'u_PE06' is connected to logic 1 or logic 0. (LINT-32)
   Pin 'b_init[2]' is connected to logic 0. 
Warning: In design 'NKES', a pin on submodule 'u_PE06' is connected to logic 1 or logic 0. (LINT-32)
   Pin 'b_init[1]' is connected to logic 0. 
Warning: In design 'NKES', a pin on submodule 'u_PE06' is connected to logic 1 or logic 0. (LINT-32)
   Pin 'b_init[0]' is connected to logic 0. 
Warning: In design 'NKES', a pin on submodule 'u_PE01' is connected to logic 1 or logic 0. (LINT-32)
   Pin 'b_poly_in[5]' is connected to logic 0. 
Warning: In design 'NKES', a pin on submodule 'u_PE01' is connected to logic 1 or logic 0. (LINT-32)
   Pin 'b_poly_in[4]' is connected to logic 0. 
Warning: In design 'NKES', a pin on submodule 'u_PE01' is connected to logic 1 or logic 0. (LINT-32)
   Pin 'b_poly_in[3]' is connected to logic 0. 
Warning: In design 'NKES', a pin on submodule 'u_PE01' is connected to logic 1 or logic 0. (LINT-32)
   Pin 'b_poly_in[2]' is connected to logic 0. 
Warning: In design 'NKES', a pin on submodule 'u_PE01' is connected to logic 1 or logic 0. (LINT-32)
   Pin 'b_poly_in[1]' is connected to logic 0. 
Warning: In design 'NKES', a pin on submodule 'u_PE01' is connected to logic 1 or logic 0. (LINT-32)
   Pin 'b_poly_in[0]' is connected to logic 0. 
Warning: In design 'NKES', a pin on submodule 'u_PE03' is connected to logic 1 or logic 0. (LINT-32)
   Pin 'sigma_init[5]' is connected to logic 0. 
Warning: In design 'NKES', a pin on submodule 'u_PE03' is connected to logic 1 or logic 0. (LINT-32)
   Pin 'sigma_init[4]' is connected to logic 0. 
Warning: In design 'NKES', a pin on submodule 'u_PE03' is connected to logic 1 or logic 0. (LINT-32)
   Pin 'sigma_init[3]' is connected to logic 0. 
Warning: In design 'NKES', a pin on submodule 'u_PE03' is connected to logic 1 or logic 0. (LINT-32)
   Pin 'sigma_init[2]' is connected to logic 0. 
Warning: In design 'NKES', a pin on submodule 'u_PE03' is connected to logic 1 or logic 0. (LINT-32)
   Pin 'sigma_init[1]' is connected to logic 0. 
Warning: In design 'NKES', a pin on submodule 'u_PE03' is connected to logic 1 or logic 0. (LINT-32)
   Pin 'sigma_init[0]' is connected to logic 0. 
Warning: In design 'NKES', a pin on submodule 'u_PE03' is connected to logic 1 or logic 0. (LINT-32)
   Pin 'b_init[5]' is connected to logic 0. 
Warning: In design 'NKES', a pin on submodule 'u_PE03' is connected to logic 1 or logic 0. (LINT-32)
   Pin 'b_init[4]' is connected to logic 0. 
Warning: In design 'NKES', a pin on submodule 'u_PE03' is connected to logic 1 or logic 0. (LINT-32)
   Pin 'b_init[3]' is connected to logic 0. 
Warning: In design 'NKES', a pin on submodule 'u_PE03' is connected to logic 1 or logic 0. (LINT-32)
   Pin 'b_init[2]' is connected to logic 0. 
Warning: In design 'NKES', a pin on submodule 'u_PE03' is connected to logic 1 or logic 0. (LINT-32)
   Pin 'b_init[1]' is connected to logic 0. 
Warning: In design 'NKES', a pin on submodule 'u_PE03' is connected to logic 1 or logic 0. (LINT-32)
   Pin 'b_init[0]' is connected to logic 0. 
Warning: In design 'NKES', a pin on submodule 'u_PE05' is connected to logic 1 or logic 0. (LINT-32)
   Pin 'sigma_init[5]' is connected to logic 0. 
Warning: In design 'NKES', a pin on submodule 'u_PE05' is connected to logic 1 or logic 0. (LINT-32)
   Pin 'sigma_init[4]' is connected to logic 0. 
Warning: In design 'NKES', a pin on submodule 'u_PE05' is connected to logic 1 or logic 0. (LINT-32)
   Pin 'sigma_init[3]' is connected to logic 0. 
Warning: In design 'NKES', a pin on submodule 'u_PE05' is connected to logic 1 or logic 0. (LINT-32)
   Pin 'sigma_init[2]' is connected to logic 0. 
Warning: In design 'NKES', a pin on submodule 'u_PE05' is connected to logic 1 or logic 0. (LINT-32)
   Pin 'sigma_init[1]' is connected to logic 0. 
Warning: In design 'NKES', a pin on submodule 'u_PE05' is connected to logic 1 or logic 0. (LINT-32)
   Pin 'sigma_init[0]' is connected to logic 0. 
Warning: In design 'NKES', a pin on submodule 'u_PE05' is connected to logic 1 or logic 0. (LINT-32)
   Pin 'b_init[5]' is connected to logic 0. 
Warning: In design 'NKES', a pin on submodule 'u_PE05' is connected to logic 1 or logic 0. (LINT-32)
   Pin 'b_init[4]' is connected to logic 0. 
Warning: In design 'NKES', a pin on submodule 'u_PE05' is connected to logic 1 or logic 0. (LINT-32)
   Pin 'b_init[3]' is connected to logic 0. 
Warning: In design 'NKES', a pin on submodule 'u_PE05' is connected to logic 1 or logic 0. (LINT-32)
   Pin 'b_init[2]' is connected to logic 0. 
Warning: In design 'NKES', a pin on submodule 'u_PE05' is connected to logic 1 or logic 0. (LINT-32)
   Pin 'b_init[1]' is connected to logic 0. 
Warning: In design 'NKES', a pin on submodule 'u_PE05' is connected to logic 1 or logic 0. (LINT-32)
   Pin 'b_init[0]' is connected to logic 0. 
Warning: In design 'NKES', a pin on submodule 'u_PE07' is connected to logic 1 or logic 0. (LINT-32)
   Pin 'sigma_init[5]' is connected to logic 0. 
Warning: In design 'NKES', a pin on submodule 'u_PE07' is connected to logic 1 or logic 0. (LINT-32)
   Pin 'sigma_init[4]' is connected to logic 0. 
Warning: In design 'NKES', a pin on submodule 'u_PE07' is connected to logic 1 or logic 0. (LINT-32)
   Pin 'sigma_init[3]' is connected to logic 0. 
Warning: In design 'NKES', a pin on submodule 'u_PE07' is connected to logic 1 or logic 0. (LINT-32)
   Pin 'sigma_init[2]' is connected to logic 0. 
Warning: In design 'NKES', a pin on submodule 'u_PE07' is connected to logic 1 or logic 0. (LINT-32)
   Pin 'sigma_init[1]' is connected to logic 0. 
Warning: In design 'NKES', a pin on submodule 'u_PE07' is connected to logic 1 or logic 0. (LINT-32)
   Pin 'sigma_init[0]' is connected to logic 0. 
Warning: In design 'NKES', a pin on submodule 'u_PE07' is connected to logic 1 or logic 0. (LINT-32)
   Pin 'b_init[5]' is connected to logic 0. 
Warning: In design 'NKES', a pin on submodule 'u_PE07' is connected to logic 1 or logic 0. (LINT-32)
   Pin 'b_init[4]' is connected to logic 0. 
Warning: In design 'NKES', a pin on submodule 'u_PE07' is connected to logic 1 or logic 0. (LINT-32)
   Pin 'b_init[3]' is connected to logic 0. 
Warning: In design 'NKES', a pin on submodule 'u_PE07' is connected to logic 1 or logic 0. (LINT-32)
   Pin 'b_init[2]' is connected to logic 0. 
Warning: In design 'NKES', a pin on submodule 'u_PE07' is connected to logic 1 or logic 0. (LINT-32)
   Pin 'b_init[1]' is connected to logic 0. 
Warning: In design 'NKES', a pin on submodule 'u_PE07' is connected to logic 1 or logic 0. (LINT-32)
   Pin 'b_init[0]' is connected to logic 0. 
Warning: In design 'HSU_top', a pin on submodule 'inv_inst' is connected to logic 1 or logic 0. (LINT-32)
   Pin 'i_mode' is connected to logic 1. 
Warning: In design 'CHIP', the same net is connected to more than one pin on submodule 'cs0'. (LINT-33)
   Net '*Logic0*' is connected to pins 'sigma[6][5]', 'sigma[6][4]'', 'sigma[6][3]', 'sigma[6][2]', 'sigma[6][1]', 'sigma[6][0]', 'sigma[5][5]', 'sigma[5][4]', 'sigma[5][3]', 'sigma[5][2]', 'sigma[5][1]', 'sigma[5][0]', 'sigma[4][5]', 'sigma[4][4]', 'sigma[4][3]', 'sigma[4][2]', 'sigma[4][1]', 'sigma[4][0]', 'sigma[3][5]', 'sigma[3][4]', 'sigma[3][3]', 'sigma[3][2]', 'sigma[3][1]', 'sigma[3][0]'.
Warning: In design 'CHIP', the same net is connected to more than one pin on submodule 'hsu0'. (LINT-33)
   Net 'clk' is connected to pins 'clk', 'start'', 'flag0', 'flag1', 'flag2', 'flag3', 'stage_flag'.
Warning: In design 'CHIP', the same net is connected to more than one pin on submodule 'hsu0'. (LINT-33)
   Net 'rst' is connected to pins 'rst', 'valid_S3_S4''.
Warning: In design 'CHIP', the same net is connected to more than one pin on submodule 'hsu0'. (LINT-33)
   Net 'iaddr[5]' is connected to pins 'Syndrome_3_i0[5]', 'Syndrome_4_i0[5]'', 'Syndrome_3_i1[5]', 'Syndrome_4_i1[5]'.
Warning: In design 'CHIP', the same net is connected to more than one pin on submodule 'hsu0'. (LINT-33)
   Net 'iaddr[4]' is connected to pins 'Syndrome_3_i0[4]', 'Syndrome_4_i0[4]'', 'Syndrome_3_i1[4]', 'Syndrome_4_i1[4]'.
Warning: In design 'CHIP', the same net is connected to more than one pin on submodule 'hsu0'. (LINT-33)
   Net 'iaddr[3]' is connected to pins 'Syndrome_3_i0[3]', 'Syndrome_4_i0[3]'', 'Syndrome_3_i1[3]', 'Syndrome_4_i1[3]'.
Warning: In design 'CHIP', the same net is connected to more than one pin on submodule 'hsu0'. (LINT-33)
   Net 'iaddr[2]' is connected to pins 'Syndrome_3_i0[2]', 'Syndrome_4_i0[2]'', 'Syndrome_3_i1[2]', 'Syndrome_4_i1[2]'.
Warning: In design 'CHIP', the same net is connected to more than one pin on submodule 'hsu0'. (LINT-33)
   Net 'iaddr[1]' is connected to pins 'Syndrome_3_i0[1]', 'Syndrome_4_i0[1]'', 'Syndrome_3_i1[1]', 'Syndrome_4_i1[1]'.
Warning: In design 'CHIP', the same net is connected to more than one pin on submodule 'hsu0'. (LINT-33)
   Net 'iaddr[0]' is connected to pins 'Syndrome_3_i0[0]', 'Syndrome_4_i0[0]'', 'Syndrome_3_i1[0]', 'Syndrome_4_i1[0]'.
Warning: In design 'BM', the same net is connected to more than one pin on submodule 'u_PE00'. (LINT-33)
   Net '*Logic0*' is connected to pins 'sigma_init[5]', 'sigma_init[4]'', 'sigma_init[3]', 'sigma_init[2]', 'sigma_init[1]', 'b_poly_in[5]', 'b_poly_in[4]', 'b_poly_in[3]', 'b_poly_in[2]', 'b_poly_in[1]', 'b_poly_in[0]'.
Warning: In design 'BM', the same net is connected to more than one pin on submodule 'u_PE01'. (LINT-33)
   Net '*Logic0*' is connected to pins 'sigma_init[5]', 'sigma_init[4]'', 'sigma_init[3]', 'sigma_init[2]', 'sigma_init[1]', 'sigma_init[0]', 'b_poly_in[5]', 'b_poly_in[4]', 'b_poly_in[3]', 'b_poly_in[2]', 'b_poly_in[1]'.
Warning: In design 'BM', the same net is connected to more than one pin on submodule 'u_PE02'. (LINT-33)
   Net '*Logic0*' is connected to pins 'sigma_init[5]', 'sigma_init[4]'', 'sigma_init[3]', 'sigma_init[2]', 'sigma_init[1]', 'sigma_init[0]'.
Warning: In design 'BM', the same net is connected to more than one pin on submodule 'u_PE10'. (LINT-33)
   Net 'delta_even_out[0][5]' is connected to pins 'discrepancy[5]', 'delta_poly_out[5]''.
Warning: In design 'BM', the same net is connected to more than one pin on submodule 'u_PE10'. (LINT-33)
   Net 'delta_even_out[0][4]' is connected to pins 'discrepancy[4]', 'delta_poly_out[4]''.
Warning: In design 'BM', the same net is connected to more than one pin on submodule 'u_PE10'. (LINT-33)
   Net 'delta_even_out[0][3]' is connected to pins 'discrepancy[3]', 'delta_poly_out[3]''.
Warning: In design 'BM', the same net is connected to more than one pin on submodule 'u_PE10'. (LINT-33)
   Net 'delta_even_out[0][2]' is connected to pins 'discrepancy[2]', 'delta_poly_out[2]''.
Warning: In design 'BM', the same net is connected to more than one pin on submodule 'u_PE10'. (LINT-33)
   Net 'delta_even_out[0][1]' is connected to pins 'discrepancy[1]', 'delta_poly_out[1]''.
Warning: In design 'BM', the same net is connected to more than one pin on submodule 'u_PE10'. (LINT-33)
   Net 'delta_even_out[0][0]' is connected to pins 'discrepancy[0]', 'delta_poly_out[0]''.
Warning: In design 'BM', the same net is connected to more than one pin on submodule 'u_PE12'. (LINT-33)
   Net '*Logic0*' is connected to pins 'delta_poly_in[5]', 'delta_poly_in[4]'', 'delta_poly_in[3]', 'delta_poly_in[2]', 'delta_poly_in[1]', 'delta_poly_in[0]'.
Warning: In design 'NKES', the same net is connected to more than one pin on submodule 'u_PU'. (LINT-33)
   Net '*Logic0*' is connected to pins 'delta_even_in[2][5]', 'delta_even_in[2][4]'', 'delta_even_in[2][3]', 'delta_even_in[2][2]', 'delta_even_in[2][1]', 'delta_even_in[2][0]', 'theta_even_in[2][5]', 'theta_even_in[2][4]', 'theta_even_in[2][3]', 'theta_even_in[2][2]', 'theta_even_in[2][1]', 'theta_even_in[2][0]', 'sigma_even_in[2][5]', 'sigma_even_in[2][4]', 'sigma_even_in[2][3]', 'sigma_even_in[2][2]', 'sigma_even_in[2][1]', 'sigma_even_in[2][0]', 'b_even_in[2][5]', 'b_even_in[2][4]', 'b_even_in[2][3]', 'b_even_in[2][2]', 'b_even_in[2][1]', 'b_even_in[2][0]'.
Warning: In design 'NKES', the same net is connected to more than one pin on submodule 'u_PE10'. (LINT-33)
   Net '*Logic0*' is connected to pins 'b_even[5]', 'b_even[4]'', 'b_even[3]', 'b_even[2]', 'b_even[1]', 'b_even[0]', 'b_odd[5]', 'b_odd[4]', 'b_odd[3]', 'b_odd[2]', 'b_odd[1]', 'b_odd[0]'.
Warning: In design 'NKES', the same net is connected to more than one pin on submodule 'u_PE13'. (LINT-33)
   Net '*Logic0*' is connected to pins 'delta_init[5]', 'delta_init[4]'', 'delta_init[3]', 'delta_init[2]', 'delta_init[1]', 'delta_init[0]', 'theta_init[5]', 'theta_init[4]', 'theta_init[3]', 'theta_init[2]', 'theta_init[1]', 'theta_init[0]', 'delta_poly_in[5]', 'delta_poly_in[4]', 'delta_poly_in[3]', 'delta_poly_in[2]', 'delta_poly_in[1]', 'delta_poly_in[0]'.
Warning: In design 'NKES', the same net is connected to more than one pin on submodule 'u_PE00'. (LINT-33)
   Net '*Logic0*' is connected to pins 'b_poly_in[5]', 'b_poly_in[4]'', 'b_poly_in[3]', 'b_poly_in[2]', 'b_poly_in[1]', 'b_poly_in[0]'.
Warning: In design 'NKES', the same net is connected to more than one pin on submodule 'u_PE04'. (LINT-33)
   Net '*Logic0*' is connected to pins 'sigma_init[5]', 'sigma_init[4]'', 'sigma_init[3]', 'sigma_init[2]', 'sigma_init[1]', 'sigma_init[0]', 'b_init[5]', 'b_init[4]', 'b_init[3]', 'b_init[2]', 'b_init[1]', 'b_init[0]'.
Warning: In design 'NKES', the same net is connected to more than one pin on submodule 'u_PE06'. (LINT-33)
   Net '*Logic0*' is connected to pins 'sigma_init[5]', 'sigma_init[4]'', 'sigma_init[3]', 'sigma_init[2]', 'sigma_init[1]', 'sigma_init[0]', 'b_init[5]', 'b_init[4]', 'b_init[3]', 'b_init[2]', 'b_init[1]', 'b_init[0]'.
Warning: In design 'NKES', the same net is connected to more than one pin on submodule 'u_PE01'. (LINT-33)
   Net '*Logic0*' is connected to pins 'b_poly_in[5]', 'b_poly_in[4]'', 'b_poly_in[3]', 'b_poly_in[2]', 'b_poly_in[1]', 'b_poly_in[0]'.
Warning: In design 'NKES', the same net is connected to more than one pin on submodule 'u_PE03'. (LINT-33)
   Net '*Logic0*' is connected to pins 'sigma_init[5]', 'sigma_init[4]'', 'sigma_init[3]', 'sigma_init[2]', 'sigma_init[1]', 'sigma_init[0]', 'b_init[5]', 'b_init[4]', 'b_init[3]', 'b_init[2]', 'b_init[1]', 'b_init[0]'.
Warning: In design 'NKES', the same net is connected to more than one pin on submodule 'u_PE05'. (LINT-33)
   Net '*Logic0*' is connected to pins 'sigma_init[5]', 'sigma_init[4]'', 'sigma_init[3]', 'sigma_init[2]', 'sigma_init[1]', 'sigma_init[0]', 'b_init[5]', 'b_init[4]', 'b_init[3]', 'b_init[2]', 'b_init[1]', 'b_init[0]'.
Warning: In design 'NKES', the same net is connected to more than one pin on submodule 'u_PE07'. (LINT-33)
   Net '*Logic0*' is connected to pins 'sigma_init[5]', 'sigma_init[4]'', 'sigma_init[3]', 'sigma_init[2]', 'sigma_init[1]', 'sigma_init[0]', 'b_init[5]', 'b_init[4]', 'b_init[3]', 'b_init[2]', 'b_init[1]', 'b_init[0]'.
Warning: In design 'HSU_top', the same net is connected to more than one pin on submodule 'square_inst0'. (LINT-33)
   Net 'Syndrome_3_i0[5]' is connected to pins 'in1[5]', 'in2[5]''.
Warning: In design 'HSU_top', the same net is connected to more than one pin on submodule 'square_inst0'. (LINT-33)
   Net 'Syndrome_3_i0[4]' is connected to pins 'in1[4]', 'in2[4]''.
Warning: In design 'HSU_top', the same net is connected to more than one pin on submodule 'square_inst0'. (LINT-33)
   Net 'Syndrome_3_i0[3]' is connected to pins 'in1[3]', 'in2[3]''.
Warning: In design 'HSU_top', the same net is connected to more than one pin on submodule 'square_inst0'. (LINT-33)
   Net 'Syndrome_3_i0[2]' is connected to pins 'in1[2]', 'in2[2]''.
Warning: In design 'HSU_top', the same net is connected to more than one pin on submodule 'square_inst0'. (LINT-33)
   Net 'Syndrome_3_i0[1]' is connected to pins 'in1[1]', 'in2[1]''.
Warning: In design 'HSU_top', the same net is connected to more than one pin on submodule 'square_inst0'. (LINT-33)
   Net 'Syndrome_3_i0[0]' is connected to pins 'in1[0]', 'in2[0]''.
Warning: In design 'HSU_top', the same net is connected to more than one pin on submodule 'square_inst1'. (LINT-33)
   Net 'Syndrome_4_i0[5]' is connected to pins 'in1[5]', 'in2[5]''.
Warning: In design 'HSU_top', the same net is connected to more than one pin on submodule 'square_inst1'. (LINT-33)
   Net 'Syndrome_4_i0[4]' is connected to pins 'in1[4]', 'in2[4]''.
Warning: In design 'HSU_top', the same net is connected to more than one pin on submodule 'square_inst1'. (LINT-33)
   Net 'Syndrome_4_i0[3]' is connected to pins 'in1[3]', 'in2[3]''.
Warning: In design 'HSU_top', the same net is connected to more than one pin on submodule 'square_inst1'. (LINT-33)
   Net 'Syndrome_4_i0[2]' is connected to pins 'in1[2]', 'in2[2]''.
Warning: In design 'HSU_top', the same net is connected to more than one pin on submodule 'square_inst1'. (LINT-33)
   Net 'Syndrome_4_i0[1]' is connected to pins 'in1[1]', 'in2[1]''.
Warning: In design 'HSU_top', the same net is connected to more than one pin on submodule 'square_inst1'. (LINT-33)
   Net 'Syndrome_4_i0[0]' is connected to pins 'in1[0]', 'in2[0]''.
Warning: In design 'HSU_top', the same net is connected to more than one pin on submodule 'square_inst2'. (LINT-33)
   Net 'Syndrome_3_i1[5]' is connected to pins 'in1[5]', 'in2[5]''.
Warning: In design 'HSU_top', the same net is connected to more than one pin on submodule 'square_inst2'. (LINT-33)
   Net 'Syndrome_3_i1[4]' is connected to pins 'in1[4]', 'in2[4]''.
Warning: In design 'HSU_top', the same net is connected to more than one pin on submodule 'square_inst2'. (LINT-33)
   Net 'Syndrome_3_i1[3]' is connected to pins 'in1[3]', 'in2[3]''.
Warning: In design 'HSU_top', the same net is connected to more than one pin on submodule 'square_inst2'. (LINT-33)
   Net 'Syndrome_3_i1[2]' is connected to pins 'in1[2]', 'in2[2]''.
Warning: In design 'HSU_top', the same net is connected to more than one pin on submodule 'square_inst2'. (LINT-33)
   Net 'Syndrome_3_i1[1]' is connected to pins 'in1[1]', 'in2[1]''.
Warning: In design 'HSU_top', the same net is connected to more than one pin on submodule 'square_inst2'. (LINT-33)
   Net 'Syndrome_3_i1[0]' is connected to pins 'in1[0]', 'in2[0]''.
Warning: In design 'HSU_top', the same net is connected to more than one pin on submodule 'square_inst3'. (LINT-33)
   Net 'Syndrome_4_i1[5]' is connected to pins 'in1[5]', 'in2[5]''.
Warning: In design 'HSU_top', the same net is connected to more than one pin on submodule 'square_inst3'. (LINT-33)
   Net 'Syndrome_4_i1[4]' is connected to pins 'in1[4]', 'in2[4]''.
Warning: In design 'HSU_top', the same net is connected to more than one pin on submodule 'square_inst3'. (LINT-33)
   Net 'Syndrome_4_i1[3]' is connected to pins 'in1[3]', 'in2[3]''.
Warning: In design 'HSU_top', the same net is connected to more than one pin on submodule 'square_inst3'. (LINT-33)
   Net 'Syndrome_4_i1[2]' is connected to pins 'in1[2]', 'in2[2]''.
Warning: In design 'HSU_top', the same net is connected to more than one pin on submodule 'square_inst3'. (LINT-33)
   Net 'Syndrome_4_i1[1]' is connected to pins 'in1[1]', 'in2[1]''.
Warning: In design 'HSU_top', the same net is connected to more than one pin on submodule 'square_inst3'. (LINT-33)
   Net 'Syndrome_4_i1[0]' is connected to pins 'in1[0]', 'in2[0]''.
Warning: In design 'HSU_top', the same net is connected to more than one pin on submodule 'inv_inst'. (LINT-33)
   Net 'mul0[5]' is connected to pins 'i_gf_mul0_in1[5]', 'i_gf_mul2_in1[5]''.
Warning: In design 'HSU_top', the same net is connected to more than one pin on submodule 'inv_inst'. (LINT-33)
   Net 'mul0[4]' is connected to pins 'i_gf_mul0_in1[4]', 'i_gf_mul2_in1[4]''.
Warning: In design 'HSU_top', the same net is connected to more than one pin on submodule 'inv_inst'. (LINT-33)
   Net 'mul0[3]' is connected to pins 'i_gf_mul0_in1[3]', 'i_gf_mul2_in1[3]''.
Warning: In design 'HSU_top', the same net is connected to more than one pin on submodule 'inv_inst'. (LINT-33)
   Net 'mul0[2]' is connected to pins 'i_gf_mul0_in1[2]', 'i_gf_mul2_in1[2]''.
Warning: In design 'HSU_top', the same net is connected to more than one pin on submodule 'inv_inst'. (LINT-33)
   Net 'mul0[1]' is connected to pins 'i_gf_mul0_in1[1]', 'i_gf_mul2_in1[1]''.
Warning: In design 'HSU_top', the same net is connected to more than one pin on submodule 'inv_inst'. (LINT-33)
   Net 'mul0[0]' is connected to pins 'i_gf_mul0_in1[0]', 'i_gf_mul2_in1[0]''.
Warning: In design 'HSU_top', the same net is connected to more than one pin on submodule 'inv_inst'. (LINT-33)
   Net 'mul1[5]' is connected to pins 'i_gf_mul1_in1[5]', 'i_gf_mul3_in1[5]''.
Warning: In design 'HSU_top', the same net is connected to more than one pin on submodule 'inv_inst'. (LINT-33)
   Net 'mul1[4]' is connected to pins 'i_gf_mul1_in1[4]', 'i_gf_mul3_in1[4]''.
Warning: In design 'HSU_top', the same net is connected to more than one pin on submodule 'inv_inst'. (LINT-33)
   Net 'mul1[3]' is connected to pins 'i_gf_mul1_in1[3]', 'i_gf_mul3_in1[3]''.
Warning: In design 'HSU_top', the same net is connected to more than one pin on submodule 'inv_inst'. (LINT-33)
   Net 'mul1[2]' is connected to pins 'i_gf_mul1_in1[2]', 'i_gf_mul3_in1[2]''.
Warning: In design 'HSU_top', the same net is connected to more than one pin on submodule 'inv_inst'. (LINT-33)
   Net 'mul1[1]' is connected to pins 'i_gf_mul1_in1[1]', 'i_gf_mul3_in1[1]''.
Warning: In design 'HSU_top', the same net is connected to more than one pin on submodule 'inv_inst'. (LINT-33)
   Net 'mul1[0]' is connected to pins 'i_gf_mul1_in1[0]', 'i_gf_mul3_in1[0]''.
Warning: In design 'chien_search', output port 'nested_cdone' is connected directly to 'logic 1'. (LINT-52)
Warning: In design 'chien_search', output port 'nested_cfail' is connected directly to 'logic 1'. (LINT-52)
Warning: In design 'NKES', input pin 'DATA2_5' of leaf cell 'C75' is connected to undriven net 'HO_syn[0][5]'.  (LINT-58)
Warning: In design 'NKES', input pin 'DATA2_4' of leaf cell 'C75' is connected to undriven net 'HO_syn[0][4]'.  (LINT-58)
Warning: In design 'NKES', input pin 'DATA2_3' of leaf cell 'C75' is connected to undriven net 'HO_syn[0][3]'.  (LINT-58)
Warning: In design 'NKES', input pin 'DATA2_2' of leaf cell 'C75' is connected to undriven net 'HO_syn[0][2]'.  (LINT-58)
Warning: In design 'NKES', input pin 'DATA2_1' of leaf cell 'C75' is connected to undriven net 'HO_syn[0][1]'.  (LINT-58)
Warning: In design 'NKES', input pin 'DATA2_0' of leaf cell 'C75' is connected to undriven net 'HO_syn[0][0]'.  (LINT-58)
Warning: In design 'syndrome_buff', input pin 'next_state' of leaf cell 'syn_buff_reg[1][5]' is connected to undriven net 'syn_in[5]'.  (LINT-58)
Warning: In design 'syndrome_buff', input pin 'next_state' of leaf cell 'syn_buff_reg[1][4]' is connected to undriven net 'syn_in[4]'.  (LINT-58)
Warning: In design 'syndrome_buff', input pin 'next_state' of leaf cell 'syn_buff_reg[1][3]' is connected to undriven net 'syn_in[3]'.  (LINT-58)
Warning: In design 'syndrome_buff', input pin 'next_state' of leaf cell 'syn_buff_reg[1][2]' is connected to undriven net 'syn_in[2]'.  (LINT-58)
Warning: In design 'syndrome_buff', input pin 'next_state' of leaf cell 'syn_buff_reg[1][1]' is connected to undriven net 'syn_in[1]'.  (LINT-58)
Warning: In design 'syndrome_buff', input pin 'next_state' of leaf cell 'syn_buff_reg[1][0]' is connected to undriven net 'syn_in[0]'.  (LINT-58)
Warning: In design 'syndrome_buff', input pin 'next_state' of leaf cell 'syn_buff_reg[0][5]' is connected to undriven net 'syn_in[5]'.  (LINT-58)
Warning: In design 'syndrome_buff', input pin 'next_state' of leaf cell 'syn_buff_reg[0][4]' is connected to undriven net 'syn_in[4]'.  (LINT-58)
Warning: In design 'syndrome_buff', input pin 'next_state' of leaf cell 'syn_buff_reg[0][3]' is connected to undriven net 'syn_in[3]'.  (LINT-58)
Warning: In design 'syndrome_buff', input pin 'next_state' of leaf cell 'syn_buff_reg[0][2]' is connected to undriven net 'syn_in[2]'.  (LINT-58)
Warning: In design 'syndrome_buff', input pin 'next_state' of leaf cell 'syn_buff_reg[0][1]' is connected to undriven net 'syn_in[1]'.  (LINT-58)
Warning: In design 'syndrome_buff', input pin 'next_state' of leaf cell 'syn_buff_reg[0][0]' is connected to undriven net 'syn_in[0]'.  (LINT-58)
Warning: In design 'binary_mul_49', input pin 'A' of leaf cell 'C17' is connected to undriven net 'in1[5]'.  (LINT-58)
Warning: In design 'binary_mul_49', input pin 'A' of leaf cell 'C19' is connected to undriven net 'in1[4]'.  (LINT-58)
Warning: In design 'binary_mul_49', input pin 'A' of leaf cell 'C20' is connected to undriven net 'in1[5]'.  (LINT-58)
Warning: In design 'binary_mul_49', input pin 'A' of leaf cell 'C23' is connected to undriven net 'in1[3]'.  (LINT-58)
Warning: In design 'binary_mul_49', input pin 'A' of leaf cell 'C24' is connected to undriven net 'in1[4]'.  (LINT-58)
Warning: In design 'binary_mul_49', input pin 'A' of leaf cell 'C25' is connected to undriven net 'in1[5]'.  (LINT-58)
Warning: In design 'binary_mul_49', input pin 'A' of leaf cell 'C29' is connected to undriven net 'in1[2]'.  (LINT-58)
Warning: In design 'binary_mul_49', input pin 'A' of leaf cell 'C30' is connected to undriven net 'in1[3]'.  (LINT-58)
Warning: In design 'binary_mul_49', input pin 'A' of leaf cell 'C31' is connected to undriven net 'in1[4]'.  (LINT-58)
Warning: In design 'binary_mul_49', input pin 'A' of leaf cell 'C32' is connected to undriven net 'in1[5]'.  (LINT-58)
Warning: In design 'binary_mul_49', input pin 'A' of leaf cell 'C37' is connected to undriven net 'in1[1]'.  (LINT-58)
Warning: In design 'binary_mul_49', input pin 'A' of leaf cell 'C38' is connected to undriven net 'in1[2]'.  (LINT-58)
Warning: In design 'binary_mul_49', input pin 'A' of leaf cell 'C39' is connected to undriven net 'in1[3]'.  (LINT-58)
Warning: In design 'binary_mul_49', input pin 'A' of leaf cell 'C40' is connected to undriven net 'in1[4]'.  (LINT-58)
Warning: In design 'binary_mul_49', input pin 'A' of leaf cell 'C41' is connected to undriven net 'in1[5]'.  (LINT-58)
Warning: In design 'binary_mul_49', input pin 'A' of leaf cell 'C47' is connected to undriven net 'in1[0]'.  (LINT-58)
Warning: In design 'binary_mul_49', input pin 'A' of leaf cell 'C48' is connected to undriven net 'in1[1]'.  (LINT-58)
Warning: In design 'binary_mul_49', input pin 'A' of leaf cell 'C49' is connected to undriven net 'in1[2]'.  (LINT-58)
Warning: In design 'binary_mul_49', input pin 'A' of leaf cell 'C50' is connected to undriven net 'in1[3]'.  (LINT-58)
Warning: In design 'binary_mul_49', input pin 'A' of leaf cell 'C51' is connected to undriven net 'in1[4]'.  (LINT-58)
Warning: In design 'binary_mul_49', input pin 'A' of leaf cell 'C52' is connected to undriven net 'in1[5]'.  (LINT-58)
Warning: In design 'binary_mul_49', input pin 'A' of leaf cell 'C57' is connected to undriven net 'in1[0]'.  (LINT-58)
Warning: In design 'binary_mul_49', input pin 'A' of leaf cell 'C58' is connected to undriven net 'in1[1]'.  (LINT-58)
Warning: In design 'binary_mul_49', input pin 'A' of leaf cell 'C59' is connected to undriven net 'in1[2]'.  (LINT-58)
Warning: In design 'binary_mul_49', input pin 'A' of leaf cell 'C60' is connected to undriven net 'in1[3]'.  (LINT-58)
Warning: In design 'binary_mul_49', input pin 'A' of leaf cell 'C61' is connected to undriven net 'in1[4]'.  (LINT-58)
Warning: In design 'binary_mul_49', input pin 'A' of leaf cell 'C65' is connected to undriven net 'in1[0]'.  (LINT-58)
Warning: In design 'binary_mul_49', input pin 'A' of leaf cell 'C66' is connected to undriven net 'in1[1]'.  (LINT-58)
Warning: In design 'binary_mul_49', input pin 'A' of leaf cell 'C67' is connected to undriven net 'in1[2]'.  (LINT-58)
Warning: In design 'binary_mul_49', input pin 'A' of leaf cell 'C68' is connected to undriven net 'in1[3]'.  (LINT-58)
Warning: In design 'binary_mul_49', input pin 'A' of leaf cell 'C71' is connected to undriven net 'in1[0]'.  (LINT-58)
Warning: In design 'binary_mul_49', input pin 'A' of leaf cell 'C72' is connected to undriven net 'in1[1]'.  (LINT-58)
Warning: In design 'binary_mul_49', input pin 'A' of leaf cell 'C73' is connected to undriven net 'in1[2]'.  (LINT-58)
Warning: In design 'binary_mul_49', input pin 'A' of leaf cell 'C75' is connected to undriven net 'in1[0]'.  (LINT-58)
Warning: In design 'binary_mul_49', input pin 'A' of leaf cell 'C76' is connected to undriven net 'in1[1]'.  (LINT-58)
Warning: In design 'binary_mul_49', input pin 'A' of leaf cell 'C77' is connected to undriven net 'in1[0]'.  (LINT-58)
Warning: In design 'binary_mul_48', input pin 'A' of leaf cell 'C17' is connected to undriven net 'in1[5]'.  (LINT-58)
Warning: In design 'binary_mul_48', input pin 'A' of leaf cell 'C19' is connected to undriven net 'in1[4]'.  (LINT-58)
Warning: In design 'binary_mul_48', input pin 'A' of leaf cell 'C20' is connected to undriven net 'in1[5]'.  (LINT-58)
Warning: In design 'binary_mul_48', input pin 'A' of leaf cell 'C23' is connected to undriven net 'in1[3]'.  (LINT-58)
Warning: In design 'binary_mul_48', input pin 'A' of leaf cell 'C24' is connected to undriven net 'in1[4]'.  (LINT-58)
Warning: In design 'binary_mul_48', input pin 'A' of leaf cell 'C25' is connected to undriven net 'in1[5]'.  (LINT-58)
Warning: In design 'binary_mul_48', input pin 'A' of leaf cell 'C29' is connected to undriven net 'in1[2]'.  (LINT-58)
Warning: In design 'binary_mul_48', input pin 'A' of leaf cell 'C30' is connected to undriven net 'in1[3]'.  (LINT-58)
Warning: In design 'binary_mul_48', input pin 'A' of leaf cell 'C31' is connected to undriven net 'in1[4]'.  (LINT-58)
Warning: In design 'binary_mul_48', input pin 'A' of leaf cell 'C32' is connected to undriven net 'in1[5]'.  (LINT-58)
Warning: In design 'binary_mul_48', input pin 'A' of leaf cell 'C37' is connected to undriven net 'in1[1]'.  (LINT-58)
Warning: In design 'binary_mul_48', input pin 'A' of leaf cell 'C38' is connected to undriven net 'in1[2]'.  (LINT-58)
Warning: In design 'binary_mul_48', input pin 'A' of leaf cell 'C39' is connected to undriven net 'in1[3]'.  (LINT-58)
Warning: In design 'binary_mul_48', input pin 'A' of leaf cell 'C40' is connected to undriven net 'in1[4]'.  (LINT-58)
Warning: In design 'binary_mul_48', input pin 'A' of leaf cell 'C41' is connected to undriven net 'in1[5]'.  (LINT-58)
Warning: In design 'binary_mul_48', input pin 'A' of leaf cell 'C47' is connected to undriven net 'in1[0]'.  (LINT-58)
Warning: In design 'binary_mul_48', input pin 'A' of leaf cell 'C48' is connected to undriven net 'in1[1]'.  (LINT-58)
Warning: In design 'binary_mul_48', input pin 'A' of leaf cell 'C49' is connected to undriven net 'in1[2]'.  (LINT-58)
Warning: In design 'binary_mul_48', input pin 'A' of leaf cell 'C50' is connected to undriven net 'in1[3]'.  (LINT-58)
Warning: In design 'binary_mul_48', input pin 'A' of leaf cell 'C51' is connected to undriven net 'in1[4]'.  (LINT-58)
Warning: In design 'binary_mul_48', input pin 'A' of leaf cell 'C52' is connected to undriven net 'in1[5]'.  (LINT-58)
Warning: In design 'binary_mul_48', input pin 'A' of leaf cell 'C57' is connected to undriven net 'in1[0]'.  (LINT-58)
Warning: In design 'binary_mul_48', input pin 'A' of leaf cell 'C58' is connected to undriven net 'in1[1]'.  (LINT-58)
Warning: In design 'binary_mul_48', input pin 'A' of leaf cell 'C59' is connected to undriven net 'in1[2]'.  (LINT-58)
Warning: In design 'binary_mul_48', input pin 'A' of leaf cell 'C60' is connected to undriven net 'in1[3]'.  (LINT-58)
Warning: In design 'binary_mul_48', input pin 'A' of leaf cell 'C61' is connected to undriven net 'in1[4]'.  (LINT-58)
Warning: In design 'binary_mul_48', input pin 'A' of leaf cell 'C65' is connected to undriven net 'in1[0]'.  (LINT-58)
Warning: In design 'binary_mul_48', input pin 'A' of leaf cell 'C66' is connected to undriven net 'in1[1]'.  (LINT-58)
Warning: In design 'binary_mul_48', input pin 'A' of leaf cell 'C67' is connected to undriven net 'in1[2]'.  (LINT-58)
Warning: In design 'binary_mul_48', input pin 'A' of leaf cell 'C68' is connected to undriven net 'in1[3]'.  (LINT-58)
Warning: In design 'binary_mul_48', input pin 'A' of leaf cell 'C71' is connected to undriven net 'in1[0]'.  (LINT-58)
Warning: In design 'binary_mul_48', input pin 'A' of leaf cell 'C72' is connected to undriven net 'in1[1]'.  (LINT-58)
Warning: In design 'binary_mul_48', input pin 'A' of leaf cell 'C73' is connected to undriven net 'in1[2]'.  (LINT-58)
Warning: In design 'binary_mul_48', input pin 'A' of leaf cell 'C75' is connected to undriven net 'in1[0]'.  (LINT-58)
Warning: In design 'binary_mul_48', input pin 'A' of leaf cell 'C76' is connected to undriven net 'in1[1]'.  (LINT-58)
Warning: In design 'binary_mul_48', input pin 'A' of leaf cell 'C77' is connected to undriven net 'in1[0]'.  (LINT-58)
Warning: In design 'binary_mul_47', input pin 'A' of leaf cell 'C17' is connected to undriven net 'in1[5]'.  (LINT-58)
Warning: In design 'binary_mul_47', input pin 'A' of leaf cell 'C19' is connected to undriven net 'in1[4]'.  (LINT-58)
Warning: In design 'binary_mul_47', input pin 'A' of leaf cell 'C20' is connected to undriven net 'in1[5]'.  (LINT-58)
Warning: In design 'binary_mul_47', input pin 'A' of leaf cell 'C23' is connected to undriven net 'in1[3]'.  (LINT-58)
Warning: In design 'binary_mul_47', input pin 'A' of leaf cell 'C24' is connected to undriven net 'in1[4]'.  (LINT-58)
Warning: In design 'binary_mul_47', input pin 'A' of leaf cell 'C25' is connected to undriven net 'in1[5]'.  (LINT-58)
Warning: In design 'binary_mul_47', input pin 'A' of leaf cell 'C29' is connected to undriven net 'in1[2]'.  (LINT-58)
Warning: In design 'binary_mul_47', input pin 'A' of leaf cell 'C30' is connected to undriven net 'in1[3]'.  (LINT-58)
Warning: In design 'binary_mul_47', input pin 'A' of leaf cell 'C31' is connected to undriven net 'in1[4]'.  (LINT-58)
Warning: In design 'binary_mul_47', input pin 'A' of leaf cell 'C32' is connected to undriven net 'in1[5]'.  (LINT-58)
Warning: In design 'binary_mul_47', input pin 'A' of leaf cell 'C37' is connected to undriven net 'in1[1]'.  (LINT-58)
Warning: In design 'binary_mul_47', input pin 'A' of leaf cell 'C38' is connected to undriven net 'in1[2]'.  (LINT-58)
Warning: In design 'binary_mul_47', input pin 'A' of leaf cell 'C39' is connected to undriven net 'in1[3]'.  (LINT-58)
Warning: In design 'binary_mul_47', input pin 'A' of leaf cell 'C40' is connected to undriven net 'in1[4]'.  (LINT-58)
Warning: In design 'binary_mul_47', input pin 'A' of leaf cell 'C41' is connected to undriven net 'in1[5]'.  (LINT-58)
Warning: In design 'binary_mul_47', input pin 'A' of leaf cell 'C47' is connected to undriven net 'in1[0]'.  (LINT-58)
Warning: In design 'binary_mul_47', input pin 'A' of leaf cell 'C48' is connected to undriven net 'in1[1]'.  (LINT-58)
Warning: In design 'binary_mul_47', input pin 'A' of leaf cell 'C49' is connected to undriven net 'in1[2]'.  (LINT-58)
Warning: In design 'binary_mul_47', input pin 'A' of leaf cell 'C50' is connected to undriven net 'in1[3]'.  (LINT-58)
Warning: In design 'binary_mul_47', input pin 'A' of leaf cell 'C51' is connected to undriven net 'in1[4]'.  (LINT-58)
Warning: In design 'binary_mul_47', input pin 'A' of leaf cell 'C52' is connected to undriven net 'in1[5]'.  (LINT-58)
Warning: In design 'binary_mul_47', input pin 'A' of leaf cell 'C57' is connected to undriven net 'in1[0]'.  (LINT-58)
Warning: In design 'binary_mul_47', input pin 'A' of leaf cell 'C58' is connected to undriven net 'in1[1]'.  (LINT-58)
Warning: In design 'binary_mul_47', input pin 'A' of leaf cell 'C59' is connected to undriven net 'in1[2]'.  (LINT-58)
Warning: In design 'binary_mul_47', input pin 'A' of leaf cell 'C60' is connected to undriven net 'in1[3]'.  (LINT-58)
Warning: In design 'binary_mul_47', input pin 'A' of leaf cell 'C61' is connected to undriven net 'in1[4]'.  (LINT-58)
Warning: In design 'binary_mul_47', input pin 'A' of leaf cell 'C65' is connected to undriven net 'in1[0]'.  (LINT-58)
Warning: In design 'binary_mul_47', input pin 'A' of leaf cell 'C66' is connected to undriven net 'in1[1]'.  (LINT-58)
Warning: In design 'binary_mul_47', input pin 'A' of leaf cell 'C67' is connected to undriven net 'in1[2]'.  (LINT-58)
Warning: In design 'binary_mul_47', input pin 'A' of leaf cell 'C68' is connected to undriven net 'in1[3]'.  (LINT-58)
Warning: In design 'binary_mul_47', input pin 'A' of leaf cell 'C71' is connected to undriven net 'in1[0]'.  (LINT-58)
Warning: In design 'binary_mul_47', input pin 'A' of leaf cell 'C72' is connected to undriven net 'in1[1]'.  (LINT-58)
Warning: In design 'binary_mul_47', input pin 'A' of leaf cell 'C73' is connected to undriven net 'in1[2]'.  (LINT-58)
Warning: In design 'binary_mul_47', input pin 'A' of leaf cell 'C75' is connected to undriven net 'in1[0]'.  (LINT-58)
Warning: In design 'binary_mul_47', input pin 'A' of leaf cell 'C76' is connected to undriven net 'in1[1]'.  (LINT-58)
Warning: In design 'binary_mul_47', input pin 'A' of leaf cell 'C77' is connected to undriven net 'in1[0]'.  (LINT-58)
Warning: In design 'binary_mul_46', input pin 'A' of leaf cell 'C17' is connected to undriven net 'in1[5]'.  (LINT-58)
Warning: In design 'binary_mul_46', input pin 'A' of leaf cell 'C19' is connected to undriven net 'in1[4]'.  (LINT-58)
Warning: In design 'binary_mul_46', input pin 'A' of leaf cell 'C20' is connected to undriven net 'in1[5]'.  (LINT-58)
Warning: In design 'binary_mul_46', input pin 'A' of leaf cell 'C23' is connected to undriven net 'in1[3]'.  (LINT-58)
Warning: In design 'binary_mul_46', input pin 'A' of leaf cell 'C24' is connected to undriven net 'in1[4]'.  (LINT-58)
Warning: In design 'binary_mul_46', input pin 'A' of leaf cell 'C25' is connected to undriven net 'in1[5]'.  (LINT-58)
Warning: In design 'binary_mul_46', input pin 'A' of leaf cell 'C29' is connected to undriven net 'in1[2]'.  (LINT-58)
Warning: In design 'binary_mul_46', input pin 'A' of leaf cell 'C30' is connected to undriven net 'in1[3]'.  (LINT-58)
Warning: In design 'binary_mul_46', input pin 'A' of leaf cell 'C31' is connected to undriven net 'in1[4]'.  (LINT-58)
Warning: In design 'binary_mul_46', input pin 'A' of leaf cell 'C32' is connected to undriven net 'in1[5]'.  (LINT-58)
Warning: In design 'binary_mul_46', input pin 'A' of leaf cell 'C37' is connected to undriven net 'in1[1]'.  (LINT-58)
Warning: In design 'binary_mul_46', input pin 'A' of leaf cell 'C38' is connected to undriven net 'in1[2]'.  (LINT-58)
Warning: In design 'binary_mul_46', input pin 'A' of leaf cell 'C39' is connected to undriven net 'in1[3]'.  (LINT-58)
Warning: In design 'binary_mul_46', input pin 'A' of leaf cell 'C40' is connected to undriven net 'in1[4]'.  (LINT-58)
Warning: In design 'binary_mul_46', input pin 'A' of leaf cell 'C41' is connected to undriven net 'in1[5]'.  (LINT-58)
Warning: In design 'binary_mul_46', input pin 'A' of leaf cell 'C47' is connected to undriven net 'in1[0]'.  (LINT-58)
Warning: In design 'binary_mul_46', input pin 'A' of leaf cell 'C48' is connected to undriven net 'in1[1]'.  (LINT-58)
Warning: In design 'binary_mul_46', input pin 'A' of leaf cell 'C49' is connected to undriven net 'in1[2]'.  (LINT-58)
Warning: In design 'binary_mul_46', input pin 'A' of leaf cell 'C50' is connected to undriven net 'in1[3]'.  (LINT-58)
Warning: In design 'binary_mul_46', input pin 'A' of leaf cell 'C51' is connected to undriven net 'in1[4]'.  (LINT-58)
Warning: In design 'binary_mul_46', input pin 'A' of leaf cell 'C52' is connected to undriven net 'in1[5]'.  (LINT-58)
Warning: In design 'binary_mul_46', input pin 'A' of leaf cell 'C57' is connected to undriven net 'in1[0]'.  (LINT-58)
Warning: In design 'binary_mul_46', input pin 'A' of leaf cell 'C58' is connected to undriven net 'in1[1]'.  (LINT-58)
Warning: In design 'binary_mul_46', input pin 'A' of leaf cell 'C59' is connected to undriven net 'in1[2]'.  (LINT-58)
Warning: In design 'binary_mul_46', input pin 'A' of leaf cell 'C60' is connected to undriven net 'in1[3]'.  (LINT-58)
Warning: In design 'binary_mul_46', input pin 'A' of leaf cell 'C61' is connected to undriven net 'in1[4]'.  (LINT-58)
Warning: In design 'binary_mul_46', input pin 'A' of leaf cell 'C65' is connected to undriven net 'in1[0]'.  (LINT-58)
Warning: In design 'binary_mul_46', input pin 'A' of leaf cell 'C66' is connected to undriven net 'in1[1]'.  (LINT-58)
Warning: In design 'binary_mul_46', input pin 'A' of leaf cell 'C67' is connected to undriven net 'in1[2]'.  (LINT-58)
Warning: In design 'binary_mul_46', input pin 'A' of leaf cell 'C68' is connected to undriven net 'in1[3]'.  (LINT-58)
Warning: In design 'binary_mul_46', input pin 'A' of leaf cell 'C71' is connected to undriven net 'in1[0]'.  (LINT-58)
Warning: In design 'binary_mul_46', input pin 'A' of leaf cell 'C72' is connected to undriven net 'in1[1]'.  (LINT-58)
Warning: In design 'binary_mul_46', input pin 'A' of leaf cell 'C73' is connected to undriven net 'in1[2]'.  (LINT-58)
Warning: In design 'binary_mul_46', input pin 'A' of leaf cell 'C75' is connected to undriven net 'in1[0]'.  (LINT-58)
Warning: In design 'binary_mul_46', input pin 'A' of leaf cell 'C76' is connected to undriven net 'in1[1]'.  (LINT-58)
Warning: In design 'binary_mul_46', input pin 'A' of leaf cell 'C77' is connected to undriven net 'in1[0]'.  (LINT-58)
Warning: In design 'binary_mul_45', input pin 'A' of leaf cell 'C17' is connected to undriven net 'in1[5]'.  (LINT-58)
Warning: In design 'binary_mul_45', input pin 'A' of leaf cell 'C19' is connected to undriven net 'in1[4]'.  (LINT-58)
Warning: In design 'binary_mul_45', input pin 'A' of leaf cell 'C20' is connected to undriven net 'in1[5]'.  (LINT-58)
Warning: In design 'binary_mul_45', input pin 'A' of leaf cell 'C23' is connected to undriven net 'in1[3]'.  (LINT-58)
Warning: In design 'binary_mul_45', input pin 'A' of leaf cell 'C24' is connected to undriven net 'in1[4]'.  (LINT-58)
Warning: In design 'binary_mul_45', input pin 'A' of leaf cell 'C25' is connected to undriven net 'in1[5]'.  (LINT-58)
Warning: In design 'binary_mul_45', input pin 'A' of leaf cell 'C29' is connected to undriven net 'in1[2]'.  (LINT-58)
Warning: In design 'binary_mul_45', input pin 'A' of leaf cell 'C30' is connected to undriven net 'in1[3]'.  (LINT-58)
Warning: In design 'binary_mul_45', input pin 'A' of leaf cell 'C31' is connected to undriven net 'in1[4]'.  (LINT-58)
Warning: In design 'binary_mul_45', input pin 'A' of leaf cell 'C32' is connected to undriven net 'in1[5]'.  (LINT-58)
Warning: In design 'binary_mul_45', input pin 'A' of leaf cell 'C37' is connected to undriven net 'in1[1]'.  (LINT-58)
Warning: In design 'binary_mul_45', input pin 'A' of leaf cell 'C38' is connected to undriven net 'in1[2]'.  (LINT-58)
Warning: In design 'binary_mul_45', input pin 'A' of leaf cell 'C39' is connected to undriven net 'in1[3]'.  (LINT-58)
Warning: In design 'binary_mul_45', input pin 'A' of leaf cell 'C40' is connected to undriven net 'in1[4]'.  (LINT-58)
Warning: In design 'binary_mul_45', input pin 'A' of leaf cell 'C41' is connected to undriven net 'in1[5]'.  (LINT-58)
Warning: In design 'binary_mul_45', input pin 'A' of leaf cell 'C47' is connected to undriven net 'in1[0]'.  (LINT-58)
Warning: In design 'binary_mul_45', input pin 'A' of leaf cell 'C48' is connected to undriven net 'in1[1]'.  (LINT-58)
Warning: In design 'binary_mul_45', input pin 'A' of leaf cell 'C49' is connected to undriven net 'in1[2]'.  (LINT-58)
Warning: In design 'binary_mul_45', input pin 'A' of leaf cell 'C50' is connected to undriven net 'in1[3]'.  (LINT-58)
Warning: In design 'binary_mul_45', input pin 'A' of leaf cell 'C51' is connected to undriven net 'in1[4]'.  (LINT-58)
Warning: In design 'binary_mul_45', input pin 'A' of leaf cell 'C52' is connected to undriven net 'in1[5]'.  (LINT-58)
Warning: In design 'binary_mul_45', input pin 'A' of leaf cell 'C57' is connected to undriven net 'in1[0]'.  (LINT-58)
Warning: In design 'binary_mul_45', input pin 'A' of leaf cell 'C58' is connected to undriven net 'in1[1]'.  (LINT-58)
Warning: In design 'binary_mul_45', input pin 'A' of leaf cell 'C59' is connected to undriven net 'in1[2]'.  (LINT-58)
Warning: In design 'binary_mul_45', input pin 'A' of leaf cell 'C60' is connected to undriven net 'in1[3]'.  (LINT-58)
Warning: In design 'binary_mul_45', input pin 'A' of leaf cell 'C61' is connected to undriven net 'in1[4]'.  (LINT-58)
Warning: In design 'binary_mul_45', input pin 'A' of leaf cell 'C65' is connected to undriven net 'in1[0]'.  (LINT-58)
Warning: In design 'binary_mul_45', input pin 'A' of leaf cell 'C66' is connected to undriven net 'in1[1]'.  (LINT-58)
Warning: In design 'binary_mul_45', input pin 'A' of leaf cell 'C67' is connected to undriven net 'in1[2]'.  (LINT-58)
Warning: In design 'binary_mul_45', input pin 'A' of leaf cell 'C68' is connected to undriven net 'in1[3]'.  (LINT-58)
Warning: In design 'binary_mul_45', input pin 'A' of leaf cell 'C71' is connected to undriven net 'in1[0]'.  (LINT-58)
Warning: In design 'binary_mul_45', input pin 'A' of leaf cell 'C72' is connected to undriven net 'in1[1]'.  (LINT-58)
Warning: In design 'binary_mul_45', input pin 'A' of leaf cell 'C73' is connected to undriven net 'in1[2]'.  (LINT-58)
Warning: In design 'binary_mul_45', input pin 'A' of leaf cell 'C75' is connected to undriven net 'in1[0]'.  (LINT-58)
Warning: In design 'binary_mul_45', input pin 'A' of leaf cell 'C76' is connected to undriven net 'in1[1]'.  (LINT-58)
Warning: In design 'binary_mul_45', input pin 'A' of leaf cell 'C77' is connected to undriven net 'in1[0]'.  (LINT-58)
Warning: In design 'binary_mul_44', input pin 'A' of leaf cell 'C17' is connected to undriven net 'in1[5]'.  (LINT-58)
Warning: In design 'binary_mul_44', input pin 'A' of leaf cell 'C19' is connected to undriven net 'in1[4]'.  (LINT-58)
Warning: In design 'binary_mul_44', input pin 'A' of leaf cell 'C20' is connected to undriven net 'in1[5]'.  (LINT-58)
Warning: In design 'binary_mul_44', input pin 'A' of leaf cell 'C23' is connected to undriven net 'in1[3]'.  (LINT-58)
Warning: In design 'binary_mul_44', input pin 'A' of leaf cell 'C24' is connected to undriven net 'in1[4]'.  (LINT-58)
Warning: In design 'binary_mul_44', input pin 'A' of leaf cell 'C25' is connected to undriven net 'in1[5]'.  (LINT-58)
Warning: In design 'binary_mul_44', input pin 'A' of leaf cell 'C29' is connected to undriven net 'in1[2]'.  (LINT-58)
Warning: In design 'binary_mul_44', input pin 'A' of leaf cell 'C30' is connected to undriven net 'in1[3]'.  (LINT-58)
Warning: In design 'binary_mul_44', input pin 'A' of leaf cell 'C31' is connected to undriven net 'in1[4]'.  (LINT-58)
Warning: In design 'binary_mul_44', input pin 'A' of leaf cell 'C32' is connected to undriven net 'in1[5]'.  (LINT-58)
Warning: In design 'binary_mul_44', input pin 'A' of leaf cell 'C37' is connected to undriven net 'in1[1]'.  (LINT-58)
Warning: In design 'binary_mul_44', input pin 'A' of leaf cell 'C38' is connected to undriven net 'in1[2]'.  (LINT-58)
Warning: In design 'binary_mul_44', input pin 'A' of leaf cell 'C39' is connected to undriven net 'in1[3]'.  (LINT-58)
Warning: In design 'binary_mul_44', input pin 'A' of leaf cell 'C40' is connected to undriven net 'in1[4]'.  (LINT-58)
Warning: In design 'binary_mul_44', input pin 'A' of leaf cell 'C41' is connected to undriven net 'in1[5]'.  (LINT-58)
Warning: In design 'binary_mul_44', input pin 'A' of leaf cell 'C47' is connected to undriven net 'in1[0]'.  (LINT-58)
Warning: In design 'binary_mul_44', input pin 'A' of leaf cell 'C48' is connected to undriven net 'in1[1]'.  (LINT-58)
Warning: In design 'binary_mul_44', input pin 'A' of leaf cell 'C49' is connected to undriven net 'in1[2]'.  (LINT-58)
Warning: In design 'binary_mul_44', input pin 'A' of leaf cell 'C50' is connected to undriven net 'in1[3]'.  (LINT-58)
Warning: In design 'binary_mul_44', input pin 'A' of leaf cell 'C51' is connected to undriven net 'in1[4]'.  (LINT-58)
Warning: In design 'binary_mul_44', input pin 'A' of leaf cell 'C52' is connected to undriven net 'in1[5]'.  (LINT-58)
Warning: In design 'binary_mul_44', input pin 'A' of leaf cell 'C57' is connected to undriven net 'in1[0]'.  (LINT-58)
Warning: In design 'binary_mul_44', input pin 'A' of leaf cell 'C58' is connected to undriven net 'in1[1]'.  (LINT-58)
Warning: In design 'binary_mul_44', input pin 'A' of leaf cell 'C59' is connected to undriven net 'in1[2]'.  (LINT-58)
Warning: In design 'binary_mul_44', input pin 'A' of leaf cell 'C60' is connected to undriven net 'in1[3]'.  (LINT-58)
Warning: In design 'binary_mul_44', input pin 'A' of leaf cell 'C61' is connected to undriven net 'in1[4]'.  (LINT-58)
Warning: In design 'binary_mul_44', input pin 'A' of leaf cell 'C65' is connected to undriven net 'in1[0]'.  (LINT-58)
Warning: In design 'binary_mul_44', input pin 'A' of leaf cell 'C66' is connected to undriven net 'in1[1]'.  (LINT-58)
Warning: In design 'binary_mul_44', input pin 'A' of leaf cell 'C67' is connected to undriven net 'in1[2]'.  (LINT-58)
Warning: In design 'binary_mul_44', input pin 'A' of leaf cell 'C68' is connected to undriven net 'in1[3]'.  (LINT-58)
Warning: In design 'binary_mul_44', input pin 'A' of leaf cell 'C71' is connected to undriven net 'in1[0]'.  (LINT-58)
Warning: In design 'binary_mul_44', input pin 'A' of leaf cell 'C72' is connected to undriven net 'in1[1]'.  (LINT-58)
Warning: In design 'binary_mul_44', input pin 'A' of leaf cell 'C73' is connected to undriven net 'in1[2]'.  (LINT-58)
Warning: In design 'binary_mul_44', input pin 'A' of leaf cell 'C75' is connected to undriven net 'in1[0]'.  (LINT-58)
Warning: In design 'binary_mul_44', input pin 'A' of leaf cell 'C76' is connected to undriven net 'in1[1]'.  (LINT-58)
Warning: In design 'binary_mul_44', input pin 'A' of leaf cell 'C77' is connected to undriven net 'in1[0]'.  (LINT-58)
Warning: In design 'CHIP', input pin 'HO_syn[1][5]' of hierarchical cell 'nkes0' has one or more internal loads, but is not connected to any nets. 'Logic 0' is assumed. (LINT-59)
Warning: In design 'CHIP', input pin 'HO_syn[1][4]' of hierarchical cell 'nkes0' has one or more internal loads, but is not connected to any nets. 'Logic 0' is assumed. (LINT-59)
Warning: In design 'CHIP', input pin 'HO_syn[1][3]' of hierarchical cell 'nkes0' has one or more internal loads, but is not connected to any nets. 'Logic 0' is assumed. (LINT-59)
Warning: In design 'CHIP', input pin 'HO_syn[1][2]' of hierarchical cell 'nkes0' has one or more internal loads, but is not connected to any nets. 'Logic 0' is assumed. (LINT-59)
Warning: In design 'CHIP', input pin 'HO_syn[1][1]' of hierarchical cell 'nkes0' has one or more internal loads, but is not connected to any nets. 'Logic 0' is assumed. (LINT-59)
Warning: In design 'CHIP', input pin 'HO_syn[1][0]' of hierarchical cell 'nkes0' has one or more internal loads, but is not connected to any nets. 'Logic 0' is assumed. (LINT-59)
Warning: In design 'CHIP', input pin 'HO_syn[0][5]' of hierarchical cell 'nkes0' has one or more internal loads, but is not connected to any nets. 'Logic 0' is assumed. (LINT-59)
Warning: In design 'CHIP', input pin 'HO_syn[0][4]' of hierarchical cell 'nkes0' has one or more internal loads, but is not connected to any nets. 'Logic 0' is assumed. (LINT-59)
Warning: In design 'CHIP', input pin 'HO_syn[0][3]' of hierarchical cell 'nkes0' has one or more internal loads, but is not connected to any nets. 'Logic 0' is assumed. (LINT-59)
Warning: In design 'CHIP', input pin 'HO_syn[0][2]' of hierarchical cell 'nkes0' has one or more internal loads, but is not connected to any nets. 'Logic 0' is assumed. (LINT-59)
Warning: In design 'CHIP', input pin 'HO_syn[0][1]' of hierarchical cell 'nkes0' has one or more internal loads, but is not connected to any nets. 'Logic 0' is assumed. (LINT-59)
Warning: In design 'CHIP', input pin 'HO_syn[0][0]' of hierarchical cell 'nkes0' has one or more internal loads, but is not connected to any nets. 'Logic 0' is assumed. (LINT-59)
1
# remove_attribute [find -hierarchy design {"*"}] dont_touch
# Map and Optimize the Design
# compile -map_effort medium
compile_ultra -no_autoungroup
Loading db file '/usr/cad/synopsys/synthesis/cur/libraries/syn/dw_foundation.sldb'
Warning: DesignWare synthetic library dw_foundation.sldb is added to the synthetic_library in the current command. (UISN-40)
Information: Performing leakage power optimization. (PWR-850)
CPU Load: 0%, Ram Free: 352 GB, Swap Free: 3 GB, Work Disk Free: 98842 GB, Tmp Disk Free: 50 GB
Alib files are up-to-date.
Warning: Ignoring compile_fix_multiple_port_nets = TRUE. (UIO-60)
Information: Evaluating DesignWare library utilization. (UISN-27)

============================================================================
| DesignWare Building Block Library  |         Version         | Available |
============================================================================
| Basic DW Building Blocks           | Y-2026.03-DWBB_202603.0 |     *     |
| Licensed DW Building Blocks        | Y-2026.03-DWBB_202603.0 |     *     |
============================================================================

====================================================================================================
| Flow Information                                                                                 |
----------------------------------------------------------------------------------------------------
| Flow         | Design Compiler WLM                                                               |
| Command Line | compile_ultra -no_autoungroup                                                     |
====================================================================================================
| Design Information                                      | Value                                  |
====================================================================================================
| Number of Scenarios                                     | 0                                      |
| Leaf Cell Count                                         | 12307                                  |
| Number of User Hierarchies                              | 238                                    |
| Sequential Cell Count                                   | 1421                                   |
| Macro Count                                             | 0                                      |
| Pad Count                                               | 0                                      |
| Number of Power Domains                                 | 0                                      |
| Number of Path Groups                                   | 2                                      |
| Number of VT Class                                      | 0                                      |
| Number of Clocks                                        | 1                                      |
| Number of Dont Touch Cells                              | 880                                    |
| Number of Dont Touch Nets                               | 402                                    |
| Number of Size Only Cells                               | 0                                      |
| Design with Target Library Subset (with clock_path)     | false  (false )                        |
| Design with UPF Data                                    | false                                  |
----------------------------------------------------------------------------------------------------
| Variables                                               | Value                                  |
----------------------------------------------------------------------------------------------------
| set_fix_multiple_port_nets                              | -all -buffer_constants                 |
====================================================================================================
Information: Sequential output inversion is enabled.  SVF file must be used for formal verification. (OPT-1208)

Information: There are 1951 potential problems in your design. Please run 'check_design' for more information. (LINT-99)

  Simplifying Design 'CHIP'
Information: The register 'hsu0/nsu_inst/u_a11_k1/state_reg[0]' will be removed. (OPT-1207)
Information: The register 'hsu0/nsu_inst/u_a11_k1/state_reg[0]' will be removed. (OPT-1207)
Information: The register 'hsu0/nsu_inst/u_a11_k1/state_reg[1]' will be removed. (OPT-1207)
Information: The register 'hsu0/nsu_inst/u_a11_k1/state_reg[1]' will be removed. (OPT-1207)
Information: The register 'hsu0/nsu_inst/u_a11_k1/state_reg[2]' will be removed. (OPT-1207)
Information: The register 'hsu0/nsu_inst/u_a11_k1/state_reg[2]' will be removed. (OPT-1207)
Information: The register 'hsu0/nsu_inst/u_a11_k1/state_reg[3]' will be removed. (OPT-1207)
Information: The register 'hsu0/nsu_inst/u_a11_k1/state_reg[3]' will be removed. (OPT-1207)
Information: The register 'hsu0/nsu_inst/u_a11_k1/state_reg[4]' will be removed. (OPT-1207)
Information: The register 'hsu0/nsu_inst/u_a11_k1/state_reg[4]' will be removed. (OPT-1207)
Information: The register 'hsu0/nsu_inst/u_a11_k1/state_reg[5]' will be removed. (OPT-1207)
Information: The register 'hsu0/nsu_inst/u_a11_k1/state_reg[5]' will be removed. (OPT-1207)
Information: The register 'hsu0/nsu_inst/u_a11_k1/done_reg' will be removed. (OPT-1207)
Information: The register 'hsu0/nsu_inst/u_a11_k1/done_reg' will be removed. (OPT-1207)
Information: The register 'hsu0/nsu_inst/u_a11_k0/state_reg[0]' will be removed. (OPT-1207)
Information: The register 'hsu0/nsu_inst/u_a11_k0/state_reg[0]' will be removed. (OPT-1207)
Information: The register 'hsu0/nsu_inst/u_a11_k0/state_reg[1]' will be removed. (OPT-1207)
Information: The register 'hsu0/nsu_inst/u_a11_k0/state_reg[1]' will be removed. (OPT-1207)
Information: The register 'hsu0/nsu_inst/u_a11_k0/state_reg[2]' will be removed. (OPT-1207)
Information: The register 'hsu0/nsu_inst/u_a11_k0/state_reg[2]' will be removed. (OPT-1207)
Information: The register 'hsu0/nsu_inst/u_a11_k0/state_reg[3]' will be removed. (OPT-1207)
Information: The register 'hsu0/nsu_inst/u_a11_k0/state_reg[3]' will be removed. (OPT-1207)
Information: The register 'hsu0/nsu_inst/u_a11_k0/state_reg[4]' will be removed. (OPT-1207)
Information: The register 'hsu0/nsu_inst/u_a11_k0/state_reg[4]' will be removed. (OPT-1207)
Information: The register 'hsu0/nsu_inst/u_a11_k0/state_reg[5]' will be removed. (OPT-1207)
Information: The register 'hsu0/nsu_inst/u_a11_k0/state_reg[5]' will be removed. (OPT-1207)
Information: The register 'hsu0/nsu_inst/u_a11_k0/done_reg' will be removed. (OPT-1207)
Information: The register 'hsu0/nsu_inst/u_a11_k0/done_reg' will be removed. (OPT-1207)
Information: The register 'hsu0/nsu_inst/u_a9_k1/state_reg[0]' will be removed. (OPT-1207)
Information: The register 'hsu0/nsu_inst/u_a9_k1/state_reg[0]' will be removed. (OPT-1207)
Information: The register 'hsu0/nsu_inst/u_a9_k1/state_reg[1]' will be removed. (OPT-1207)
Information: The register 'hsu0/nsu_inst/u_a9_k1/state_reg[1]' will be removed. (OPT-1207)
Information: The register 'hsu0/nsu_inst/u_a9_k1/state_reg[2]' will be removed. (OPT-1207)
Information: The register 'hsu0/nsu_inst/u_a9_k1/state_reg[2]' will be removed. (OPT-1207)
Information: The register 'hsu0/nsu_inst/u_a9_k1/state_reg[3]' will be removed. (OPT-1207)
Information: The register 'hsu0/nsu_inst/u_a9_k1/state_reg[3]' will be removed. (OPT-1207)
Information: The register 'hsu0/nsu_inst/u_a9_k1/state_reg[4]' will be removed. (OPT-1207)
Information: The register 'hsu0/nsu_inst/u_a9_k1/state_reg[4]' will be removed. (OPT-1207)
Information: The register 'hsu0/nsu_inst/u_a9_k1/state_reg[5]' will be removed. (OPT-1207)
Information: The register 'hsu0/nsu_inst/u_a9_k1/state_reg[5]' will be removed. (OPT-1207)
Information: The register 'hsu0/nsu_inst/u_a9_k1/done_reg' will be removed. (OPT-1207)
Information: The register 'hsu0/nsu_inst/u_a9_k1/done_reg' will be removed. (OPT-1207)
Information: The register 'hsu0/nsu_inst/u_a9_k0/state_reg[0]' will be removed. (OPT-1207)
Information: The register 'hsu0/nsu_inst/u_a9_k0/state_reg[0]' will be removed. (OPT-1207)
Information: The register 'hsu0/nsu_inst/u_a9_k0/state_reg[1]' will be removed. (OPT-1207)
Information: The register 'hsu0/nsu_inst/u_a9_k0/state_reg[1]' will be removed. (OPT-1207)
Information: The register 'hsu0/nsu_inst/u_a9_k0/state_reg[2]' will be removed. (OPT-1207)
Information: The register 'hsu0/nsu_inst/u_a9_k0/state_reg[2]' will be removed. (OPT-1207)
Information: The register 'hsu0/nsu_inst/u_a9_k0/state_reg[3]' will be removed. (OPT-1207)
Information: The register 'hsu0/nsu_inst/u_a9_k0/state_reg[3]' will be removed. (OPT-1207)
Information: The register 'hsu0/nsu_inst/u_a9_k0/state_reg[4]' will be removed. (OPT-1207)
Information: The register 'hsu0/nsu_inst/u_a9_k0/state_reg[4]' will be removed. (OPT-1207)
Information: The register 'hsu0/nsu_inst/u_a9_k0/state_reg[5]' will be removed. (OPT-1207)
Information: The register 'hsu0/nsu_inst/u_a9_k0/state_reg[5]' will be removed. (OPT-1207)
Information: The register 'hsu0/nsu_inst/u_a9_k0/done_reg' will be removed. (OPT-1207)
Information: The register 'hsu0/nsu_inst/u_a9_k0/done_reg' will be removed. (OPT-1207)
Information: The register 'hsu0/nsu_inst/u_a7_k1/state_reg[0]' will be removed. (OPT-1207)
Information: The register 'hsu0/nsu_inst/u_a7_k1/state_reg[0]' will be removed. (OPT-1207)
Information: The register 'hsu0/nsu_inst/u_a7_k1/state_reg[1]' will be removed. (OPT-1207)
Information: The register 'hsu0/nsu_inst/u_a7_k1/state_reg[1]' will be removed. (OPT-1207)
Information: The register 'hsu0/nsu_inst/u_a7_k1/state_reg[2]' will be removed. (OPT-1207)
Information: The register 'hsu0/nsu_inst/u_a7_k1/state_reg[2]' will be removed. (OPT-1207)
Information: The register 'hsu0/nsu_inst/u_a7_k1/state_reg[3]' will be removed. (OPT-1207)
Information: The register 'hsu0/nsu_inst/u_a7_k1/state_reg[3]' will be removed. (OPT-1207)
Information: The register 'hsu0/nsu_inst/u_a7_k1/state_reg[4]' will be removed. (OPT-1207)
Information: The register 'hsu0/nsu_inst/u_a7_k1/state_reg[4]' will be removed. (OPT-1207)
Information: The register 'hsu0/nsu_inst/u_a7_k1/state_reg[5]' will be removed. (OPT-1207)
Information: The register 'hsu0/nsu_inst/u_a7_k1/state_reg[5]' will be removed. (OPT-1207)
Information: The register 'hsu0/nsu_inst/u_a7_k1/done_reg' will be removed. (OPT-1207)
Information: The register 'hsu0/nsu_inst/u_a7_k1/done_reg' will be removed. (OPT-1207)
Information: The register 'hsu0/nsu_inst/u_a7_k0/state_reg[0]' will be removed. (OPT-1207)
Information: The register 'hsu0/nsu_inst/u_a7_k0/state_reg[0]' will be removed. (OPT-1207)
Information: The register 'hsu0/nsu_inst/u_a7_k0/state_reg[1]' will be removed. (OPT-1207)
Information: The register 'hsu0/nsu_inst/u_a7_k0/state_reg[1]' will be removed. (OPT-1207)
Information: The register 'hsu0/nsu_inst/u_a7_k0/state_reg[2]' will be removed. (OPT-1207)
Information: The register 'hsu0/nsu_inst/u_a7_k0/state_reg[2]' will be removed. (OPT-1207)
Information: The register 'hsu0/nsu_inst/u_a7_k0/state_reg[3]' will be removed. (OPT-1207)
Information: The register 'hsu0/nsu_inst/u_a7_k0/state_reg[3]' will be removed. (OPT-1207)
Information: The register 'hsu0/nsu_inst/u_a7_k0/state_reg[4]' will be removed. (OPT-1207)
Information: The register 'hsu0/nsu_inst/u_a7_k0/state_reg[4]' will be removed. (OPT-1207)
Information: The register 'hsu0/nsu_inst/u_a7_k0/state_reg[5]' will be removed. (OPT-1207)
Information: The register 'hsu0/nsu_inst/u_a7_k0/state_reg[5]' will be removed. (OPT-1207)
Information: The register 'hsu0/nsu_inst/u_a7_k0/done_reg' will be removed. (OPT-1207)
Information: The register 'hsu0/nsu_inst/u_a7_k0/done_reg' will be removed. (OPT-1207)
Information: The register 'hsu0/nsu_inst/u_a5_k1/state_reg[0]' will be removed. (OPT-1207)
Information: The register 'hsu0/nsu_inst/u_a5_k1/state_reg[0]' will be removed. (OPT-1207)
Information: The register 'hsu0/nsu_inst/u_a5_k1/state_reg[1]' will be removed. (OPT-1207)
Information: The register 'hsu0/nsu_inst/u_a5_k1/state_reg[1]' will be removed. (OPT-1207)
Information: The register 'hsu0/nsu_inst/u_a5_k1/state_reg[2]' will be removed. (OPT-1207)
Information: The register 'hsu0/nsu_inst/u_a5_k1/state_reg[2]' will be removed. (OPT-1207)
Information: The register 'hsu0/nsu_inst/u_a5_k1/state_reg[3]' will be removed. (OPT-1207)
Information: The register 'hsu0/nsu_inst/u_a5_k1/state_reg[3]' will be removed. (OPT-1207)
Information: The register 'hsu0/nsu_inst/u_a5_k1/state_reg[4]' will be removed. (OPT-1207)
Information: The register 'hsu0/nsu_inst/u_a5_k1/state_reg[4]' will be removed. (OPT-1207)
Information: The register 'hsu0/nsu_inst/u_a5_k1/state_reg[5]' will be removed. (OPT-1207)
Information: The register 'hsu0/nsu_inst/u_a5_k1/state_reg[5]' will be removed. (OPT-1207)
Information: The register 'hsu0/nsu_inst/u_a5_k1/done_reg' will be removed. (OPT-1207)
Information: The register 'hsu0/nsu_inst/u_a5_k1/done_reg' will be removed. (OPT-1207)
Information: The register 'hsu0/nsu_inst/u_a5_k0/state_reg[0]' will be removed. (OPT-1207)
Information: The register 'hsu0/nsu_inst/u_a5_k0/state_reg[0]' will be removed. (OPT-1207)
Information: The register 'hsu0/nsu_inst/u_a5_k0/state_reg[1]' will be removed. (OPT-1207)
Information: The register 'hsu0/nsu_inst/u_a5_k0/state_reg[1]' will be removed. (OPT-1207)
Information: The register 'hsu0/nsu_inst/u_a5_k0/state_reg[2]' will be removed. (OPT-1207)
Information: The register 'hsu0/nsu_inst/u_a5_k0/state_reg[2]' will be removed. (OPT-1207)
Information: The register 'hsu0/nsu_inst/u_a5_k0/state_reg[3]' will be removed. (OPT-1207)
Information: The register 'hsu0/nsu_inst/u_a5_k0/state_reg[3]' will be removed. (OPT-1207)
Information: The register 'hsu0/nsu_inst/u_a5_k0/state_reg[4]' will be removed. (OPT-1207)
Information: The register 'hsu0/nsu_inst/u_a5_k0/state_reg[4]' will be removed. (OPT-1207)
Information: The register 'hsu0/nsu_inst/u_a5_k0/state_reg[5]' will be removed. (OPT-1207)
Information: The register 'hsu0/nsu_inst/u_a5_k0/state_reg[5]' will be removed. (OPT-1207)
Information: The register 'hsu0/nsu_inst/u_a5_k0/done_reg' will be removed. (OPT-1207)
Information: The register 'hsu0/nsu_inst/u_a5_k0/done_reg' will be removed. (OPT-1207)
Information: The register 'nkes0/u_PE07/b_delay_reg[0]' will be removed. (OPT-1207)
Information: The register 'nkes0/u_PE07/b_delay_reg[0]' will be removed. (OPT-1207)
Information: The register 'nkes0/u_PE07/b_delay_reg[1]' will be removed. (OPT-1207)
Information: The register 'nkes0/u_PE07/b_delay_reg[1]' will be removed. (OPT-1207)
Information: The register 'nkes0/u_PE07/b_delay_reg[2]' will be removed. (OPT-1207)
Information: The register 'nkes0/u_PE07/b_delay_reg[2]' will be removed. (OPT-1207)
Information: The register 'nkes0/u_PE07/b_delay_reg[3]' will be removed. (OPT-1207)
Information: The register 'nkes0/u_PE07/b_delay_reg[3]' will be removed. (OPT-1207)
Information: The register 'nkes0/u_PE07/b_delay_reg[4]' will be removed. (OPT-1207)
Information: The register 'nkes0/u_PE07/b_delay_reg[4]' will be removed. (OPT-1207)
Information: The register 'nkes0/u_PE07/b_delay_reg[5]' will be removed. (OPT-1207)
Information: The register 'nkes0/u_PE07/b_delay_reg[5]' will be removed. (OPT-1207)
Information: The register 'nkes0/u_PE07/b_poly_reg[0]' will be removed. (OPT-1207)
Information: The register 'nkes0/u_PE07/b_poly_reg[0]' will be removed. (OPT-1207)
Information: The register 'nkes0/u_PE07/b_poly_reg[1]' will be removed. (OPT-1207)
Information: The register 'nkes0/u_PE07/b_poly_reg[1]' will be removed. (OPT-1207)
Information: The register 'nkes0/u_PE07/b_poly_reg[2]' will be removed. (OPT-1207)
Information: The register 'nkes0/u_PE07/b_poly_reg[2]' will be removed. (OPT-1207)
Information: The register 'nkes0/u_PE07/b_poly_reg[3]' will be removed. (OPT-1207)
Information: The register 'nkes0/u_PE07/b_poly_reg[3]' will be removed. (OPT-1207)
Information: The register 'nkes0/u_PE07/b_poly_reg[4]' will be removed. (OPT-1207)
Information: The register 'nkes0/u_PE07/b_poly_reg[4]' will be removed. (OPT-1207)
Information: The register 'nkes0/u_PE07/b_poly_reg[5]' will be removed. (OPT-1207)
Information: The register 'nkes0/u_PE07/b_poly_reg[5]' will be removed. (OPT-1207)
Information: The register 'nkes0/u_PE06/b_delay_reg[0]' will be removed. (OPT-1207)
Information: The register 'nkes0/u_PE06/b_delay_reg[0]' will be removed. (OPT-1207)
Information: The register 'nkes0/u_PE06/b_delay_reg[1]' will be removed. (OPT-1207)
Information: The register 'nkes0/u_PE06/b_delay_reg[1]' will be removed. (OPT-1207)
Information: The register 'nkes0/u_PE06/b_delay_reg[2]' will be removed. (OPT-1207)
Information: The register 'nkes0/u_PE06/b_delay_reg[2]' will be removed. (OPT-1207)
Information: The register 'nkes0/u_PE06/b_delay_reg[3]' will be removed. (OPT-1207)
Information: The register 'nkes0/u_PE06/b_delay_reg[3]' will be removed. (OPT-1207)
Information: The register 'nkes0/u_PE06/b_delay_reg[4]' will be removed. (OPT-1207)
Information: The register 'nkes0/u_PE06/b_delay_reg[4]' will be removed. (OPT-1207)
Information: The register 'nkes0/u_PE06/b_delay_reg[5]' will be removed. (OPT-1207)
Information: The register 'nkes0/u_PE06/b_delay_reg[5]' will be removed. (OPT-1207)
Information: The register 'nkes0/u_PE06/b_poly_reg[0]' will be removed. (OPT-1207)
Information: The register 'nkes0/u_PE06/b_poly_reg[0]' will be removed. (OPT-1207)
Information: The register 'nkes0/u_PE06/b_poly_reg[1]' will be removed. (OPT-1207)
Information: The register 'nkes0/u_PE06/b_poly_reg[1]' will be removed. (OPT-1207)
Information: The register 'nkes0/u_PE06/b_poly_reg[2]' will be removed. (OPT-1207)
Information: The register 'nkes0/u_PE06/b_poly_reg[2]' will be removed. (OPT-1207)
Information: The register 'nkes0/u_PE06/b_poly_reg[3]' will be removed. (OPT-1207)
Information: The register 'nkes0/u_PE06/b_poly_reg[3]' will be removed. (OPT-1207)
Information: The register 'nkes0/u_PE06/b_poly_reg[4]' will be removed. (OPT-1207)
Information: The register 'nkes0/u_PE06/b_poly_reg[4]' will be removed. (OPT-1207)
Information: The register 'nkes0/u_PE06/b_poly_reg[5]' will be removed. (OPT-1207)
Information: The register 'nkes0/u_PE06/b_poly_reg[5]' will be removed. (OPT-1207)
Information: The register 'hsu0/nsu_inst/b_out_reg' will be removed. (OPT-1207)
Information: The register 'hsu0/nsu_inst/b_out_reg' will be removed. (OPT-1207)
Information: The register 'hsu0/S_out_ch1_reg[0]' will be removed. (OPT-1207)
Information: The register 'hsu0/S_out_ch1_reg[0]' will be removed. (OPT-1207)
Information: The register 'hsu0/S_out_ch1_reg[1]' will be removed. (OPT-1207)
Information: The register 'hsu0/S_out_ch1_reg[1]' will be removed. (OPT-1207)
Information: The register 'hsu0/S_out_ch1_reg[2]' will be removed. (OPT-1207)
Information: The register 'hsu0/S_out_ch1_reg[2]' will be removed. (OPT-1207)
Information: The register 'hsu0/S_out_ch1_reg[3]' will be removed. (OPT-1207)
Information: The register 'hsu0/S_out_ch1_reg[3]' will be removed. (OPT-1207)
Information: The register 'hsu0/S_out_ch1_reg[4]' will be removed. (OPT-1207)
Information: The register 'hsu0/S_out_ch1_reg[4]' will be removed. (OPT-1207)
Information: The register 'hsu0/S_out_ch1_reg[5]' will be removed. (OPT-1207)
Information: The register 'hsu0/S_out_ch1_reg[5]' will be removed. (OPT-1207)
Information: The register 'hsu0/S_out_ch2_reg[0]' will be removed. (OPT-1207)
Information: The register 'hsu0/S_out_ch2_reg[0]' will be removed. (OPT-1207)
Information: The register 'hsu0/S_out_ch2_reg[1]' will be removed. (OPT-1207)
Information: The register 'hsu0/S_out_ch2_reg[1]' will be removed. (OPT-1207)
Information: The register 'hsu0/S_out_ch2_reg[2]' will be removed. (OPT-1207)
Information: The register 'hsu0/S_out_ch2_reg[2]' will be removed. (OPT-1207)
Information: The register 'hsu0/S_out_ch2_reg[3]' will be removed. (OPT-1207)
Information: The register 'hsu0/S_out_ch2_reg[3]' will be removed. (OPT-1207)
Information: The register 'hsu0/S_out_ch2_reg[4]' will be removed. (OPT-1207)
Information: The register 'hsu0/S_out_ch2_reg[4]' will be removed. (OPT-1207)
Information: The register 'hsu0/S_out_ch2_reg[5]' will be removed. (OPT-1207)
Information: The register 'hsu0/S_out_ch2_reg[5]' will be removed. (OPT-1207)
Information: The register 'hsu0/syn_rdy_reg' will be removed. (OPT-1207)
Information: The register 'hsu0/syn_rdy_reg' will be removed. (OPT-1207)
Information: The register 'hsu0/o_HS_2_reg_reg[0]' will be removed. (OPT-1207)
Information: The register 'hsu0/o_HS_2_reg_reg[0]' will be removed. (OPT-1207)
Information: The register 'hsu0/o_HS_2_reg_reg[1]' will be removed. (OPT-1207)
Information: The register 'hsu0/o_HS_2_reg_reg[1]' will be removed. (OPT-1207)
Information: The register 'hsu0/o_HS_2_reg_reg[2]' will be removed. (OPT-1207)
Information: The register 'hsu0/o_HS_2_reg_reg[2]' will be removed. (OPT-1207)
Information: The register 'hsu0/o_HS_2_reg_reg[3]' will be removed. (OPT-1207)
Information: The register 'hsu0/o_HS_2_reg_reg[3]' will be removed. (OPT-1207)
Information: The register 'hsu0/o_HS_2_reg_reg[4]' will be removed. (OPT-1207)
Information: The register 'hsu0/o_HS_2_reg_reg[4]' will be removed. (OPT-1207)
Information: The register 'hsu0/o_HS_2_reg_reg[5]' will be removed. (OPT-1207)
Information: The register 'hsu0/o_HS_2_reg_reg[5]' will be removed. (OPT-1207)
Information: The register 'hsu0/S_out_1_reg_reg[0]' will be removed. (OPT-1207)
Information: The register 'hsu0/S_out_1_reg_reg[0]' will be removed. (OPT-1207)
Information: The register 'hsu0/S_out_1_reg_reg[1]' will be removed. (OPT-1207)
Information: The register 'hsu0/S_out_1_reg_reg[1]' will be removed. (OPT-1207)
Information: The register 'hsu0/S_out_1_reg_reg[2]' will be removed. (OPT-1207)
Information: The register 'hsu0/S_out_1_reg_reg[2]' will be removed. (OPT-1207)
Information: The register 'hsu0/S_out_1_reg_reg[3]' will be removed. (OPT-1207)
Information: The register 'hsu0/S_out_1_reg_reg[3]' will be removed. (OPT-1207)
Information: The register 'hsu0/S_out_1_reg_reg[4]' will be removed. (OPT-1207)
Information: The register 'hsu0/S_out_1_reg_reg[4]' will be removed. (OPT-1207)
Information: The register 'hsu0/S_out_1_reg_reg[5]' will be removed. (OPT-1207)
Information: The register 'hsu0/S_out_1_reg_reg[5]' will be removed. (OPT-1207)
Information: The register 'hsu0/S_out_0_reg_reg[0]' will be removed. (OPT-1207)
Information: The register 'hsu0/S_out_0_reg_reg[0]' will be removed. (OPT-1207)
Information: The register 'hsu0/S_out_0_reg_reg[1]' will be removed. (OPT-1207)
Information: The register 'hsu0/S_out_0_reg_reg[1]' will be removed. (OPT-1207)
Information: The register 'hsu0/S_out_0_reg_reg[2]' will be removed. (OPT-1207)
Information: The register 'hsu0/S_out_0_reg_reg[2]' will be removed. (OPT-1207)
Information: The register 'hsu0/S_out_0_reg_reg[3]' will be removed. (OPT-1207)
Information: The register 'hsu0/S_out_0_reg_reg[3]' will be removed. (OPT-1207)
Information: The register 'hsu0/S_out_0_reg_reg[4]' will be removed. (OPT-1207)
Information: The register 'hsu0/S_out_0_reg_reg[4]' will be removed. (OPT-1207)
Information: The register 'hsu0/S_out_0_reg_reg[5]' will be removed. (OPT-1207)
Information: The register 'hsu0/S_out_0_reg_reg[5]' will be removed. (OPT-1207)
Information: The register 'hsu0/S_out_3_reg_reg[0]' will be removed. (OPT-1207)
Information: The register 'hsu0/S_out_3_reg_reg[0]' will be removed. (OPT-1207)
Information: The register 'hsu0/S_out_3_reg_reg[1]' will be removed. (OPT-1207)
Information: The register 'hsu0/S_out_3_reg_reg[1]' will be removed. (OPT-1207)
Information: The register 'hsu0/S_out_3_reg_reg[2]' will be removed. (OPT-1207)
Information: The register 'hsu0/S_out_3_reg_reg[2]' will be removed. (OPT-1207)
Information: The register 'hsu0/S_out_3_reg_reg[3]' will be removed. (OPT-1207)
Information: The register 'hsu0/S_out_3_reg_reg[3]' will be removed. (OPT-1207)
Information: The register 'hsu0/S_out_3_reg_reg[4]' will be removed. (OPT-1207)
Information: The register 'hsu0/S_out_3_reg_reg[4]' will be removed. (OPT-1207)
Information: The register 'hsu0/S_out_3_reg_reg[5]' will be removed. (OPT-1207)
Information: The register 'hsu0/S_out_3_reg_reg[5]' will be removed. (OPT-1207)
Information: The register 'hsu0/Syndrome_6_i1_reg_reg[0]' will be removed. (OPT-1207)
Information: The register 'hsu0/Syndrome_6_i1_reg_reg[0]' will be removed. (OPT-1207)
Information: The register 'hsu0/Syndrome_6_i1_reg_reg[1]' will be removed. (OPT-1207)
Information: The register 'hsu0/Syndrome_6_i1_reg_reg[1]' will be removed. (OPT-1207)
Information: The register 'hsu0/Syndrome_6_i1_reg_reg[2]' will be removed. (OPT-1207)
Information: The register 'hsu0/Syndrome_6_i1_reg_reg[2]' will be removed. (OPT-1207)
Information: The register 'hsu0/Syndrome_6_i1_reg_reg[3]' will be removed. (OPT-1207)
Information: The register 'hsu0/Syndrome_6_i1_reg_reg[3]' will be removed. (OPT-1207)
Information: The register 'hsu0/Syndrome_6_i1_reg_reg[4]' will be removed. (OPT-1207)
Information: The register 'hsu0/Syndrome_6_i1_reg_reg[4]' will be removed. (OPT-1207)
Information: The register 'hsu0/Syndrome_6_i1_reg_reg[5]' will be removed. (OPT-1207)
Information: The register 'hsu0/Syndrome_6_i1_reg_reg[5]' will be removed. (OPT-1207)
Information: The register 'hsu0/Syndrome_8_i0_reg_reg[0]' will be removed. (OPT-1207)
Information: The register 'hsu0/Syndrome_8_i0_reg_reg[0]' will be removed. (OPT-1207)
Information: The register 'hsu0/Syndrome_8_i0_reg_reg[1]' will be removed. (OPT-1207)
Information: The register 'hsu0/Syndrome_8_i0_reg_reg[1]' will be removed. (OPT-1207)
Information: The register 'hsu0/Syndrome_8_i0_reg_reg[2]' will be removed. (OPT-1207)
Information: The register 'hsu0/Syndrome_8_i0_reg_reg[2]' will be removed. (OPT-1207)
Information: The register 'hsu0/Syndrome_8_i0_reg_reg[3]' will be removed. (OPT-1207)
Information: The register 'hsu0/Syndrome_8_i0_reg_reg[3]' will be removed. (OPT-1207)
Information: The register 'hsu0/Syndrome_8_i0_reg_reg[4]' will be removed. (OPT-1207)
Information: The register 'hsu0/Syndrome_8_i0_reg_reg[4]' will be removed. (OPT-1207)
Information: The register 'hsu0/Syndrome_8_i0_reg_reg[5]' will be removed. (OPT-1207)
Information: The register 'hsu0/Syndrome_8_i0_reg_reg[5]' will be removed. (OPT-1207)
Information: The register 'hsu0/Syndrome_6_i0_reg_reg[0]' will be removed. (OPT-1207)
Information: The register 'hsu0/Syndrome_6_i0_reg_reg[0]' will be removed. (OPT-1207)
Information: The register 'hsu0/Syndrome_6_i0_reg_reg[1]' will be removed. (OPT-1207)
Information: The register 'hsu0/Syndrome_6_i0_reg_reg[1]' will be removed. (OPT-1207)
Information: The register 'hsu0/Syndrome_6_i0_reg_reg[2]' will be removed. (OPT-1207)
Information: The register 'hsu0/Syndrome_6_i0_reg_reg[2]' will be removed. (OPT-1207)
Information: The register 'hsu0/Syndrome_6_i0_reg_reg[3]' will be removed. (OPT-1207)
Information: The register 'hsu0/Syndrome_6_i0_reg_reg[3]' will be removed. (OPT-1207)
Information: The register 'hsu0/Syndrome_6_i0_reg_reg[4]' will be removed. (OPT-1207)
Information: The register 'hsu0/Syndrome_6_i0_reg_reg[4]' will be removed. (OPT-1207)
Information: The register 'hsu0/Syndrome_6_i0_reg_reg[5]' will be removed. (OPT-1207)
Information: The register 'hsu0/Syndrome_6_i0_reg_reg[5]' will be removed. (OPT-1207)
Information: The register 'hsu0/Syndrome_8_i1_reg_reg[0]' will be removed. (OPT-1207)
Information: The register 'hsu0/Syndrome_8_i1_reg_reg[0]' will be removed. (OPT-1207)
Information: The register 'hsu0/Syndrome_8_i1_reg_reg[1]' will be removed. (OPT-1207)
Information: The register 'hsu0/Syndrome_8_i1_reg_reg[1]' will be removed. (OPT-1207)
Information: The register 'hsu0/Syndrome_8_i1_reg_reg[2]' will be removed. (OPT-1207)
Information: The register 'hsu0/Syndrome_8_i1_reg_reg[2]' will be removed. (OPT-1207)
Information: The register 'hsu0/Syndrome_8_i1_reg_reg[3]' will be removed. (OPT-1207)
Information: The register 'hsu0/Syndrome_8_i1_reg_reg[3]' will be removed. (OPT-1207)
Information: The register 'hsu0/Syndrome_8_i1_reg_reg[4]' will be removed. (OPT-1207)
Information: The register 'hsu0/Syndrome_8_i1_reg_reg[4]' will be removed. (OPT-1207)
Information: The register 'hsu0/Syndrome_8_i1_reg_reg[5]' will be removed. (OPT-1207)
Information: The register 'hsu0/Syndrome_8_i1_reg_reg[5]' will be removed. (OPT-1207)
Information: The register 'mem0/syn_reg[0][0]' will be removed. (OPT-1207)
Information: The register 'mem0/syn_reg[0][0]' will be removed. (OPT-1207)
Information: The register 'mem0/syn_reg[0][1]' will be removed. (OPT-1207)
Information: The register 'mem0/syn_reg[0][1]' will be removed. (OPT-1207)
Information: The register 'mem0/syn_reg[0][2]' will be removed. (OPT-1207)
Information: The register 'mem0/syn_reg[0][2]' will be removed. (OPT-1207)
Information: The register 'mem0/syn_reg[0][3]' will be removed. (OPT-1207)
Information: The register 'mem0/syn_reg[0][3]' will be removed. (OPT-1207)
Information: The register 'mem0/syn_reg[0][4]' will be removed. (OPT-1207)
Information: The register 'mem0/syn_reg[0][4]' will be removed. (OPT-1207)
Information: The register 'mem0/syn_reg[0][5]' will be removed. (OPT-1207)
Information: The register 'mem0/syn_reg[0][5]' will be removed. (OPT-1207)
Information: The register 'mem0/syn_reg[0][6]' will be removed. (OPT-1207)
Information: The register 'mem0/syn_reg[0][6]' will be removed. (OPT-1207)
Information: The register 'mem0/syn_reg[0][7]' will be removed. (OPT-1207)
Information: The register 'mem0/syn_reg[0][7]' will be removed. (OPT-1207)
Information: The register 'mem0/syn_reg[0][8]' will be removed. (OPT-1207)
Information: The register 'mem0/syn_reg[0][8]' will be removed. (OPT-1207)
Information: The register 'mem0/syn_reg[0][9]' will be removed. (OPT-1207)
Information: The register 'mem0/syn_reg[0][9]' will be removed. (OPT-1207)
Information: The register 'mem0/syn_reg[0][10]' will be removed. (OPT-1207)
Information: The register 'mem0/syn_reg[0][10]' will be removed. (OPT-1207)
Information: The register 'mem0/syn_reg[0][11]' will be removed. (OPT-1207)
Information: The register 'mem0/syn_reg[0][11]' will be removed. (OPT-1207)
Information: The register 'mem0/syn_reg[1][0]' will be removed. (OPT-1207)
Information: The register 'mem0/syn_reg[1][0]' will be removed. (OPT-1207)
Information: The register 'mem0/syn_reg[1][1]' will be removed. (OPT-1207)
Information: The register 'mem0/syn_reg[1][1]' will be removed. (OPT-1207)
Information: The register 'mem0/syn_reg[1][2]' will be removed. (OPT-1207)
Information: The register 'mem0/syn_reg[1][2]' will be removed. (OPT-1207)
Information: The register 'mem0/syn_reg[1][3]' will be removed. (OPT-1207)
Information: The register 'mem0/syn_reg[1][3]' will be removed. (OPT-1207)
Information: The register 'mem0/syn_reg[1][4]' will be removed. (OPT-1207)
Information: The register 'mem0/syn_reg[1][4]' will be removed. (OPT-1207)
Information: The register 'mem0/syn_reg[1][5]' will be removed. (OPT-1207)
Information: The register 'mem0/syn_reg[1][5]' will be removed. (OPT-1207)
Information: The register 'mem0/syn_reg[1][6]' will be removed. (OPT-1207)
Information: The register 'mem0/syn_reg[1][6]' will be removed. (OPT-1207)
Information: The register 'mem0/syn_reg[1][7]' will be removed. (OPT-1207)
Information: The register 'mem0/syn_reg[1][7]' will be removed. (OPT-1207)
Information: The register 'mem0/syn_reg[1][8]' will be removed. (OPT-1207)
Information: The register 'mem0/syn_reg[1][8]' will be removed. (OPT-1207)
Information: The register 'mem0/syn_reg[1][9]' will be removed. (OPT-1207)
Information: The register 'mem0/syn_reg[1][9]' will be removed. (OPT-1207)
Information: The register 'mem0/syn_reg[1][10]' will be removed. (OPT-1207)
Information: The register 'mem0/syn_reg[1][10]' will be removed. (OPT-1207)
Information: The register 'mem0/syn_reg[1][11]' will be removed. (OPT-1207)
Information: The register 'mem0/syn_reg[1][11]' will be removed. (OPT-1207)
Information: The register 'ctrl0/npos_reg[0]' will be removed. (OPT-1207)
Information: The register 'ctrl0/npos_reg[0]' will be removed. (OPT-1207)
Information: The register 'ctrl0/npos_reg[1]' will be removed. (OPT-1207)
Information: The register 'ctrl0/npos_reg[1]' will be removed. (OPT-1207)
Information: Removing unused design 'binary_mul_60'. (OPT-1055)
Information: Removing unused design 'reduction_table_60'. (OPT-1055)
Information: Removing unused design 'binary_mul_61'. (OPT-1055)
Information: Removing unused design 'reduction_table_61'. (OPT-1055)
Information: Removing unused design 'binary_mul_62'. (OPT-1055)
Information: Removing unused design 'reduction_table_62'. (OPT-1055)
Information: Removing unused design 'binary_mul_63'. (OPT-1055)
Information: Removing unused design 'reduction_table_63'. (OPT-1055)
Information: Removing unused design 'binary_mul_0'. (OPT-1055)
Information: Removing unused design 'reduction_table_0'. (OPT-1055)
Information: Removing unused design 'binary_mul_1'. (OPT-1055)
Information: Removing unused design 'reduction_table_1'. (OPT-1055)
Information: Removing unused design 'binary_mul_2'. (OPT-1055)
Information: Removing unused design 'reduction_table_2'. (OPT-1055)
Information: Removing unused design 'binary_mul_3'. (OPT-1055)
Information: Removing unused design 'reduction_table_3'. (OPT-1055)
Information: Removing unused design 'gf_mul_3'. (OPT-1055)
Information: Removing unused design 'gf_mul_2'. (OPT-1055)
Information: Removing unused design 'gf_mul_1'. (OPT-1055)
Information: Removing unused design 'gf_mul_0'. (OPT-1055)
Information: Removing unused design 'gf_mul_63'. (OPT-1055)
Information: Removing unused design 'gf_mul_62'. (OPT-1055)
Information: Removing unused design 'gf_mul_61'. (OPT-1055)
Information: Removing unused design 'gf_mul_60'. (OPT-1055)
Information: Removing unused design 'binary_mul_4'. (OPT-1055)
Information: Removing unused design 'reduction_table_4'. (OPT-1055)
Information: Removing unused design 'gf_mul_4'. (OPT-1055)
Information: Removing unused design 'binary_mul_20'. (OPT-1055)
Information: Removing unused design 'reduction_table_20'. (OPT-1055)
Information: Removing unused design 'gf_mul_20'. (OPT-1055)

  Loading target library 'fsa0m_a_generic_core_ss1p62v125c'
  Loading target library 'fsa0m_a_generic_core_ff1p98vm40c'
  Loading target library 'fsa0m_a_t33_generic_io_tt1p8v25c'
  Loading target library 'fsa0m_a_t33_generic_io_ss1p62v125c'
  Loading target library 'fsa0m_a_t33_generic_io_ff1p98vm40c'
Loaded alib file './alib-52/fsa0m_a_generic_core_tt1p8v25c.db.alib'
Loaded alib file './alib-52/fsa0m_a_generic_core_ss1p62v125c.db.alib'
Loaded alib file './alib-52/fsa0m_a_generic_core_ff1p98vm40c.db.alib'
Loaded alib file './alib-52/fsa0m_a_t33_generic_io_tt1p8v25c.db.alib' (placeholder)
Loaded alib file './alib-52/fsa0m_a_t33_generic_io_ss1p62v125c.db.alib' (placeholder)
Loaded alib file './alib-52/fsa0m_a_t33_generic_io_ff1p98vm40c.db.alib' (placeholder)
Warning: Operating condition WCCOM set on design CHIP has different process,
voltage and temperatures parameters than the parameters at which target library 
fsa0m_a_generic_core_tt1p8v25c is characterized. Delays may be inaccurate as a result. (OPT-998)
CPU Load: 0%, Ram Free: 351 GB, Swap Free: 3 GB, Work Disk Free: 98842 GB, Tmp Disk Free: 50 GB
Information: State dependent leakage is now switched from on to off.

  Beginning Pass 1 Mapping
  ------------------------
  Processing 'memory'
  Processing 'nsu_top'
  Processing 'CHIP'
  Processing 'NKES_ctrl'
Information: Added key list 'DesignWare' to design 'NKES_ctrl'. (DDB-72)
  Processing 'NKES_PE0_3'
  Processing 'A_inv'
  Processing 'BM_PE0_1'
  Processing 'NKES_PE0_0'
  Processing 'syndrome_rotate_add'
  Processing 'binary_mul_56'
  Processing 'gf_mul_18'
  Processing 'reduction_table_56'
  Processing 'state_buff'
  Processing 'chien_checker'
Information: Added key list 'DesignWare' to design 'chien_checker'. (DDB-72)
  Processing 'controller'
Information: Added key list 'DesignWare' to design 'controller'. (DDB-72)
Information: The register 'err_num_reg[0]' will be removed. (OPT-1207)
Information: The register 'err_num_reg[1]' will be removed. (OPT-1207)
 Implement Synthetic for 'controller'.
  Processing 'NKES_PE0_1'
  Processing 'syndrome'
  Processing 'BM_PE0_0'
  Processing 'BM'
  Processing 'precompute_unit'
  Processing 'horner_a7_0'
Information: The register 'cyc_cnt_reg[0]' will be removed. (OPT-1207)
Information: The register 'running_reg' will be removed. (OPT-1207)
  Processing 'gf_mul_21'
  Processing 'syndrome_pow'
  Processing 'sigmaEB'
  Processing 'NKES_PE1_2'
  Processing 'NKES_PE1_0'
  Processing 'NKES_PE0_5'
  Processing 'BM_PE1_1'
  Processing 'binary_mul_5'
  Processing 'syndrome_buff'
Information: The register 'syn_buff_reg[0][0]' is a constant and will be removed. (OPT-1206)
Information: The register 'syn_buff_reg[0][1]' is a constant and will be removed. (OPT-1206)
Information: The register 'syn_buff_reg[0][2]' is a constant and will be removed. (OPT-1206)
Information: The register 'syn_buff_reg[0][3]' is a constant and will be removed. (OPT-1206)
Information: The register 'syn_buff_reg[0][4]' is a constant and will be removed. (OPT-1206)
Information: The register 'syn_buff_reg[0][5]' is a constant and will be removed. (OPT-1206)
Information: The register 'syn_buff_reg[1][0]' is a constant and will be removed. (OPT-1206)
Information: The register 'syn_buff_reg[1][1]' is a constant and will be removed. (OPT-1206)
Information: The register 'syn_buff_reg[1][2]' is a constant and will be removed. (OPT-1206)
Information: The register 'syn_buff_reg[1][3]' is a constant and will be removed. (OPT-1206)
Information: The register 'syn_buff_reg[1][4]' is a constant and will be removed. (OPT-1206)
Information: The register 'syn_buff_reg[1][5]' is a constant and will be removed. (OPT-1206)
  Processing 'gf_mul_5'
  Processing 'reduction_table_5'
  Processing 'sigmaV'
  Processing 'NKES'
  Processing 'HSU_top'
Information: Added key list 'DesignWare' to design 'HSU_top'. (DDB-72)
  Processing 'NKES_PE1_1'
  Processing 'NKES_PE0_7'
  Processing 'BM_PE1_0'
  Processing 'NKES_PE0_4'
  Processing 'horner_a11_0'
Information: The register 'cyc_cnt_reg[0]' will be removed. (OPT-1207)
Information: The register 'running_reg' will be removed. (OPT-1207)
  Processing 'horner_a9_0'
Information: The register 'cyc_cnt_reg[0]' will be removed. (OPT-1207)
Information: The register 'running_reg' will be removed. (OPT-1207)
  Processing 'gf_mul_56'
  Processing 'binary_mul_21'
  Processing 'chien_search'
Information: The register 'degree_reg[2]' is a constant and will be removed. (OPT-1206)
  Processing 'sigmaE'
  Processing 'NKES_PE1_3'
  Processing 'NKES_PE0_6'
  Processing 'BM_PE0_2'
  Processing 'BM_control'
Information: Added key list 'DesignWare' to design 'BM_control'. (DDB-72)
  Processing 'chien_rotate'
  Processing 'horner_a5_0'
Information: The register 'cyc_cnt_reg[0]' will be removed. (OPT-1207)
Information: The register 'running_reg' will be removed. (OPT-1207)
  Processing 'gf_mul_44'
  Processing 'binary_mul_18'
  Processing 'reduction_table_18'
  Processing 'binary_mul_44'
CPU Load: 0%, Ram Free: 351 GB, Swap Free: 3 GB, Work Disk Free: 98842 GB, Tmp Disk Free: 50 GB

  Updating timing information
Information: Updating design information... (UID-85)
Warning: A non-unate path in clock network for clock 'clk' from pin 'hsu0/nsu_inst/U7/O' is detected. (TIM-052)
Information: The library cell 'TIE1' in the library 'fsa0m_a_generic_core_tt1p8v25c' is not characterized for internal power. (PWR-536)
Information: The library cell 'TIE0' in the library 'fsa0m_a_generic_core_tt1p8v25c' is not characterized for internal power. (PWR-536)
Information: The library cell 'BHD1' in the library 'fsa0m_a_generic_core_tt1p8v25c' is not characterized for internal power. (PWR-536)
Information: The target library(s) contains cell(s), other than black boxes, that are not characterized for internal power. (PWR-24)
Information: The register 'nkes0/u_PE05/b_delay_reg[0]' will be removed. (OPT-1207)
Information: The register 'nkes0/u_PE05/b_delay_reg[5]' will be removed. (OPT-1207)
Information: The register 'nkes0/u_PE05/sigma_delay_reg[5]' will be removed. (OPT-1207)
Information: The register 'nkes0/u_PE05/b_delay_reg[4]' will be removed. (OPT-1207)
Information: The register 'nkes0/u_PE05/sigma_delay_reg[4]' will be removed. (OPT-1207)
Information: The register 'nkes0/u_PE05/b_delay_reg[3]' will be removed. (OPT-1207)
Information: The register 'nkes0/u_PE05/sigma_delay_reg[3]' will be removed. (OPT-1207)
Information: The register 'nkes0/u_PE05/b_delay_reg[2]' will be removed. (OPT-1207)
Information: The register 'nkes0/u_PE05/sigma_delay_reg[2]' will be removed. (OPT-1207)
Information: The register 'nkes0/u_PE05/b_delay_reg[1]' will be removed. (OPT-1207)
Information: The register 'nkes0/u_PE05/sigma_delay_reg[1]' will be removed. (OPT-1207)
Information: The register 'nkes0/u_PE05/sigma_delay_reg[0]' will be removed. (OPT-1207)
Information: The register 'nkes0/u_PE05/b_poly_reg[0]' will be removed. (OPT-1207)
Information: The register 'nkes0/u_PE05/b_poly_reg[5]' will be removed. (OPT-1207)
Information: The register 'nkes0/u_PE05/sigma_poly_reg[5]' will be removed. (OPT-1207)
Information: The register 'nkes0/u_PE05/b_poly_reg[4]' will be removed. (OPT-1207)
Information: The register 'nkes0/u_PE05/sigma_poly_reg[4]' will be removed. (OPT-1207)
Information: The register 'nkes0/u_PE05/b_poly_reg[3]' will be removed. (OPT-1207)
Information: The register 'nkes0/u_PE05/sigma_poly_reg[3]' will be removed. (OPT-1207)
Information: The register 'nkes0/u_PE05/b_poly_reg[2]' will be removed. (OPT-1207)
Information: The register 'nkes0/u_PE05/sigma_poly_reg[2]' will be removed. (OPT-1207)
Information: The register 'nkes0/u_PE05/b_poly_reg[1]' will be removed. (OPT-1207)
Information: The register 'nkes0/u_PE05/sigma_poly_reg[1]' will be removed. (OPT-1207)
Information: The register 'nkes0/u_PE05/sigma_poly_reg[0]' will be removed. (OPT-1207)
Information: The register 'nkes0/u_PE07/sigma_delay_reg[5]' will be removed. (OPT-1207)
Information: The register 'nkes0/u_PE07/sigma_delay_reg[4]' will be removed. (OPT-1207)
Information: The register 'nkes0/u_PE07/sigma_delay_reg[3]' will be removed. (OPT-1207)
Information: The register 'nkes0/u_PE07/sigma_delay_reg[2]' will be removed. (OPT-1207)
Information: The register 'nkes0/u_PE07/sigma_delay_reg[1]' will be removed. (OPT-1207)
Information: The register 'nkes0/u_PE07/sigma_delay_reg[0]' will be removed. (OPT-1207)
Information: The register 'nkes0/u_PE07/sigma_poly_reg[5]' will be removed. (OPT-1207)
Information: The register 'nkes0/u_PE07/sigma_poly_reg[4]' will be removed. (OPT-1207)
Information: The register 'nkes0/u_PE07/sigma_poly_reg[3]' will be removed. (OPT-1207)
Information: The register 'nkes0/u_PE07/sigma_poly_reg[2]' will be removed. (OPT-1207)
Information: The register 'nkes0/u_PE07/sigma_poly_reg[1]' will be removed. (OPT-1207)
Information: The register 'nkes0/u_PE07/sigma_poly_reg[0]' will be removed. (OPT-1207)
Information: The register 'nkes0/u_PE03/b_delay_reg[0]' will be removed. (OPT-1207)
Information: The register 'nkes0/u_PE03/b_delay_reg[5]' will be removed. (OPT-1207)
Information: The register 'nkes0/u_PE03/sigma_delay_reg[5]' will be removed. (OPT-1207)
Information: The register 'nkes0/u_PE03/b_delay_reg[4]' will be removed. (OPT-1207)
Information: The register 'nkes0/u_PE03/sigma_delay_reg[4]' will be removed. (OPT-1207)
Information: The register 'nkes0/u_PE03/b_delay_reg[3]' will be removed. (OPT-1207)
Information: The register 'nkes0/u_PE03/sigma_delay_reg[3]' will be removed. (OPT-1207)
Information: The register 'nkes0/u_PE03/b_delay_reg[2]' will be removed. (OPT-1207)
Information: The register 'nkes0/u_PE03/sigma_delay_reg[2]' will be removed. (OPT-1207)
Information: The register 'nkes0/u_PE03/b_delay_reg[1]' will be removed. (OPT-1207)
Information: The register 'nkes0/u_PE03/sigma_delay_reg[1]' will be removed. (OPT-1207)
Information: The register 'nkes0/u_PE03/sigma_delay_reg[0]' will be removed. (OPT-1207)
Information: The register 'nkes0/u_PE03/b_poly_reg[0]' will be removed. (OPT-1207)
Information: The register 'nkes0/u_PE03/b_poly_reg[5]' will be removed. (OPT-1207)
Information: The register 'nkes0/u_PE03/sigma_poly_reg[5]' will be removed. (OPT-1207)
Information: The register 'nkes0/u_PE03/b_poly_reg[4]' will be removed. (OPT-1207)
Information: The register 'nkes0/u_PE03/sigma_poly_reg[4]' will be removed. (OPT-1207)
Information: The register 'nkes0/u_PE03/b_poly_reg[3]' will be removed. (OPT-1207)
Information: The register 'nkes0/u_PE03/sigma_poly_reg[3]' will be removed. (OPT-1207)
Information: The register 'nkes0/u_PE03/b_poly_reg[2]' will be removed. (OPT-1207)
Information: The register 'nkes0/u_PE03/sigma_poly_reg[2]' will be removed. (OPT-1207)
Information: The register 'nkes0/u_PE03/b_poly_reg[1]' will be removed. (OPT-1207)
Information: The register 'nkes0/u_PE03/sigma_poly_reg[1]' will be removed. (OPT-1207)
Information: The register 'nkes0/u_PE03/sigma_poly_reg[0]' will be removed. (OPT-1207)
Information: The register 'nkes0/u_PE01/b_delay_reg[0]' will be removed. (OPT-1207)
Information: The register 'nkes0/u_PE01/b_delay_reg[5]' will be removed. (OPT-1207)
Information: The register 'nkes0/u_PE01/sigma_delay_reg[5]' will be removed. (OPT-1207)
Information: The register 'nkes0/u_PE01/b_delay_reg[4]' will be removed. (OPT-1207)
Information: The register 'nkes0/u_PE01/sigma_delay_reg[4]' will be removed. (OPT-1207)
Information: The register 'nkes0/u_PE01/b_delay_reg[3]' will be removed. (OPT-1207)
Information: The register 'nkes0/u_PE01/sigma_delay_reg[3]' will be removed. (OPT-1207)
Information: The register 'nkes0/u_PE01/b_delay_reg[2]' will be removed. (OPT-1207)
Information: The register 'nkes0/u_PE01/sigma_delay_reg[2]' will be removed. (OPT-1207)
Information: The register 'nkes0/u_PE01/b_delay_reg[1]' will be removed. (OPT-1207)
Information: The register 'nkes0/u_PE01/sigma_delay_reg[1]' will be removed. (OPT-1207)
Information: The register 'nkes0/u_PE01/sigma_delay_reg[0]' will be removed. (OPT-1207)
Information: The register 'nkes0/u_PE01/b_poly_reg[0]' will be removed. (OPT-1207)
Information: The register 'nkes0/u_PE01/b_poly_reg[5]' will be removed. (OPT-1207)
Information: The register 'nkes0/u_PE01/sigma_poly_reg[5]' will be removed. (OPT-1207)
Information: The register 'nkes0/u_PE01/b_poly_reg[4]' will be removed. (OPT-1207)
Information: The register 'nkes0/u_PE01/sigma_poly_reg[4]' will be removed. (OPT-1207)
Information: The register 'nkes0/u_PE01/b_poly_reg[3]' will be removed. (OPT-1207)
Information: The register 'nkes0/u_PE01/sigma_poly_reg[3]' will be removed. (OPT-1207)
Information: The register 'nkes0/u_PE01/b_poly_reg[2]' will be removed. (OPT-1207)
Information: The register 'nkes0/u_PE01/sigma_poly_reg[2]' will be removed. (OPT-1207)
Information: The register 'nkes0/u_PE01/b_poly_reg[1]' will be removed. (OPT-1207)
Information: The register 'nkes0/u_PE01/sigma_poly_reg[1]' will be removed. (OPT-1207)
Information: The register 'nkes0/u_PE01/sigma_poly_reg[0]' will be removed. (OPT-1207)
Information: The register 'nkes0/u_PE06/sigma_delay_reg[5]' will be removed. (OPT-1207)
Information: The register 'nkes0/u_PE06/sigma_delay_reg[4]' will be removed. (OPT-1207)
Information: The register 'nkes0/u_PE06/sigma_delay_reg[3]' will be removed. (OPT-1207)
Information: The register 'nkes0/u_PE06/sigma_delay_reg[2]' will be removed. (OPT-1207)
Information: The register 'nkes0/u_PE06/sigma_delay_reg[1]' will be removed. (OPT-1207)
Information: The register 'nkes0/u_PE06/sigma_delay_reg[0]' will be removed. (OPT-1207)
Information: The register 'nkes0/u_PE06/sigma_poly_reg[5]' will be removed. (OPT-1207)
Information: The register 'nkes0/u_PE06/sigma_poly_reg[4]' will be removed. (OPT-1207)
Information: The register 'nkes0/u_PE06/sigma_poly_reg[3]' will be removed. (OPT-1207)
Information: The register 'nkes0/u_PE06/sigma_poly_reg[2]' will be removed. (OPT-1207)
Information: The register 'nkes0/u_PE06/sigma_poly_reg[1]' will be removed. (OPT-1207)
Information: The register 'nkes0/u_PE06/sigma_poly_reg[0]' will be removed. (OPT-1207)
Information: The register 'nkes0/u_PE04/b_delay_reg[0]' will be removed. (OPT-1207)
Information: The register 'nkes0/u_PE04/b_delay_reg[5]' will be removed. (OPT-1207)
Information: The register 'nkes0/u_PE04/sigma_delay_reg[5]' will be removed. (OPT-1207)
Information: The register 'nkes0/u_PE04/b_delay_reg[4]' will be removed. (OPT-1207)
Information: The register 'nkes0/u_PE04/sigma_delay_reg[4]' will be removed. (OPT-1207)
Information: The register 'nkes0/u_PE04/b_delay_reg[3]' will be removed. (OPT-1207)
Information: The register 'nkes0/u_PE04/sigma_delay_reg[3]' will be removed. (OPT-1207)
Information: The register 'nkes0/u_PE04/b_delay_reg[2]' will be removed. (OPT-1207)
Information: The register 'nkes0/u_PE04/sigma_delay_reg[2]' will be removed. (OPT-1207)
Information: The register 'nkes0/u_PE04/b_delay_reg[1]' will be removed. (OPT-1207)
Information: The register 'nkes0/u_PE04/sigma_delay_reg[1]' will be removed. (OPT-1207)
Information: The register 'nkes0/u_PE04/sigma_delay_reg[0]' will be removed. (OPT-1207)
Information: The register 'nkes0/u_PE04/b_poly_reg[0]' will be removed. (OPT-1207)
Information: The register 'nkes0/u_PE04/b_poly_reg[5]' will be removed. (OPT-1207)
Information: The register 'nkes0/u_PE04/sigma_poly_reg[5]' will be removed. (OPT-1207)
Information: The register 'nkes0/u_PE04/b_poly_reg[4]' will be removed. (OPT-1207)
Information: The register 'nkes0/u_PE04/sigma_poly_reg[4]' will be removed. (OPT-1207)
Information: The register 'nkes0/u_PE04/b_poly_reg[3]' will be removed. (OPT-1207)
Information: The register 'nkes0/u_PE04/sigma_poly_reg[3]' will be removed. (OPT-1207)
Information: The register 'nkes0/u_PE04/b_poly_reg[2]' will be removed. (OPT-1207)
Information: The register 'nkes0/u_PE04/sigma_poly_reg[2]' will be removed. (OPT-1207)
Information: The register 'nkes0/u_PE04/b_poly_reg[1]' will be removed. (OPT-1207)
Information: The register 'nkes0/u_PE04/sigma_poly_reg[1]' will be removed. (OPT-1207)
Information: The register 'nkes0/u_PE04/sigma_poly_reg[0]' will be removed. (OPT-1207)
Information: The register 'nkes0/u_PE02/b_delay_reg[0]' will be removed. (OPT-1207)
Information: The register 'nkes0/u_PE02/b_delay_reg[5]' will be removed. (OPT-1207)
Information: The register 'nkes0/u_PE02/sigma_delay_reg[5]' will be removed. (OPT-1207)
Information: The register 'nkes0/u_PE02/b_delay_reg[4]' will be removed. (OPT-1207)
Information: The register 'nkes0/u_PE02/sigma_delay_reg[4]' will be removed. (OPT-1207)
Information: The register 'nkes0/u_PE02/b_delay_reg[3]' will be removed. (OPT-1207)
Information: The register 'nkes0/u_PE02/sigma_delay_reg[3]' will be removed. (OPT-1207)
Information: The register 'nkes0/u_PE02/b_delay_reg[2]' will be removed. (OPT-1207)
Information: The register 'nkes0/u_PE02/sigma_delay_reg[2]' will be removed. (OPT-1207)
Information: The register 'nkes0/u_PE02/b_delay_reg[1]' will be removed. (OPT-1207)
Information: The register 'nkes0/u_PE02/sigma_delay_reg[1]' will be removed. (OPT-1207)
Information: The register 'nkes0/u_PE02/sigma_delay_reg[0]' will be removed. (OPT-1207)
Information: The register 'nkes0/u_PE02/b_poly_reg[0]' will be removed. (OPT-1207)
Information: The register 'nkes0/u_PE02/b_poly_reg[5]' will be removed. (OPT-1207)
Information: The register 'nkes0/u_PE02/sigma_poly_reg[5]' will be removed. (OPT-1207)
Information: The register 'nkes0/u_PE02/b_poly_reg[4]' will be removed. (OPT-1207)
Information: The register 'nkes0/u_PE02/sigma_poly_reg[4]' will be removed. (OPT-1207)
Information: The register 'nkes0/u_PE02/b_poly_reg[3]' will be removed. (OPT-1207)
Information: The register 'nkes0/u_PE02/sigma_poly_reg[3]' will be removed. (OPT-1207)
Information: The register 'nkes0/u_PE02/b_poly_reg[2]' will be removed. (OPT-1207)
Information: The register 'nkes0/u_PE02/sigma_poly_reg[2]' will be removed. (OPT-1207)
Information: The register 'nkes0/u_PE02/b_poly_reg[1]' will be removed. (OPT-1207)
Information: The register 'nkes0/u_PE02/sigma_poly_reg[1]' will be removed. (OPT-1207)
Information: The register 'nkes0/u_PE02/sigma_poly_reg[0]' will be removed. (OPT-1207)
Information: The register 'nkes0/u_PE00/b_delay_reg[0]' will be removed. (OPT-1207)
Information: The register 'nkes0/u_PE00/b_delay_reg[5]' will be removed. (OPT-1207)
Information: The register 'nkes0/u_PE00/sigma_delay_reg[5]' will be removed. (OPT-1207)
Information: The register 'nkes0/u_PE00/b_delay_reg[4]' will be removed. (OPT-1207)
Information: The register 'nkes0/u_PE00/sigma_delay_reg[4]' will be removed. (OPT-1207)
Information: The register 'nkes0/u_PE00/b_delay_reg[3]' will be removed. (OPT-1207)
Information: The register 'nkes0/u_PE00/sigma_delay_reg[3]' will be removed. (OPT-1207)
Information: The register 'nkes0/u_PE00/b_delay_reg[2]' will be removed. (OPT-1207)
Information: The register 'nkes0/u_PE00/sigma_delay_reg[2]' will be removed. (OPT-1207)
Information: The register 'nkes0/u_PE00/b_delay_reg[1]' will be removed. (OPT-1207)
Information: The register 'nkes0/u_PE00/sigma_delay_reg[1]' will be removed. (OPT-1207)
Information: The register 'nkes0/u_PE00/sigma_delay_reg[0]' will be removed. (OPT-1207)
Information: The register 'nkes0/u_PE00/b_poly_reg[0]' will be removed. (OPT-1207)
Information: The register 'nkes0/u_PE00/b_poly_reg[5]' will be removed. (OPT-1207)
Information: The register 'nkes0/u_PE00/sigma_poly_reg[5]' will be removed. (OPT-1207)
Information: The register 'nkes0/u_PE00/b_poly_reg[4]' will be removed. (OPT-1207)
Information: The register 'nkes0/u_PE00/sigma_poly_reg[4]' will be removed. (OPT-1207)
Information: The register 'nkes0/u_PE00/b_poly_reg[3]' will be removed. (OPT-1207)
Information: The register 'nkes0/u_PE00/sigma_poly_reg[3]' will be removed. (OPT-1207)
Information: The register 'nkes0/u_PE00/b_poly_reg[2]' will be removed. (OPT-1207)
Information: The register 'nkes0/u_PE00/sigma_poly_reg[2]' will be removed. (OPT-1207)
Information: The register 'nkes0/u_PE00/b_poly_reg[1]' will be removed. (OPT-1207)
Information: The register 'nkes0/u_PE00/sigma_poly_reg[1]' will be removed. (OPT-1207)
Information: The register 'nkes0/u_PE00/sigma_poly_reg[0]' will be removed. (OPT-1207)
Information: The register 'nkes0/u_PE13/delta_poly_reg[5]' will be removed. (OPT-1207)
Information: The register 'nkes0/u_PE13/delta_poly_reg[4]' will be removed. (OPT-1207)
Information: The register 'nkes0/u_PE13/delta_poly_reg[3]' will be removed. (OPT-1207)
Information: The register 'nkes0/u_PE13/delta_poly_reg[2]' will be removed. (OPT-1207)
Information: The register 'nkes0/u_PE13/delta_poly_reg[1]' will be removed. (OPT-1207)
Information: The register 'nkes0/u_PE13/delta_poly_reg[0]' will be removed. (OPT-1207)
Information: The register 'nkes0/u_PE13/theta_poly_reg[0]' will be removed. (OPT-1207)
Information: The register 'nkes0/u_PE13/theta_poly_reg[1]' will be removed. (OPT-1207)
Information: The register 'nkes0/u_PE13/theta_poly_reg[2]' will be removed. (OPT-1207)
Information: The register 'nkes0/u_PE13/theta_poly_reg[3]' will be removed. (OPT-1207)
Information: The register 'nkes0/u_PE13/theta_poly_reg[4]' will be removed. (OPT-1207)
Information: The register 'nkes0/u_PE13/theta_poly_reg[5]' will be removed. (OPT-1207)
Information: The register 'nkes0/u_PE13/theta_delay_reg[0]' will be removed. (OPT-1207)
Information: The register 'nkes0/u_PE13/delta_delay_reg[0]' will be removed. (OPT-1207)
Information: The register 'nkes0/u_PE13/theta_delay_reg[1]' will be removed. (OPT-1207)
Information: The register 'nkes0/u_PE13/delta_delay_reg[1]' will be removed. (OPT-1207)
Information: The register 'nkes0/u_PE13/theta_delay_reg[2]' will be removed. (OPT-1207)
Information: The register 'nkes0/u_PE13/delta_delay_reg[2]' will be removed. (OPT-1207)
Information: The register 'nkes0/u_PE13/theta_delay_reg[3]' will be removed. (OPT-1207)
Information: The register 'nkes0/u_PE13/delta_delay_reg[3]' will be removed. (OPT-1207)
Information: The register 'nkes0/u_PE13/theta_delay_reg[4]' will be removed. (OPT-1207)
Information: The register 'nkes0/u_PE13/delta_delay_reg[4]' will be removed. (OPT-1207)
Information: The register 'nkes0/u_PE13/theta_delay_reg[5]' will be removed. (OPT-1207)
Information: The register 'nkes0/u_PE13/delta_delay_reg[5]' will be removed. (OPT-1207)
Information: The register 'nkes0/u_PE12/delta_poly_reg[5]' will be removed. (OPT-1207)
Information: The register 'nkes0/u_PE12/delta_poly_reg[4]' will be removed. (OPT-1207)
Information: The register 'nkes0/u_PE12/delta_poly_reg[3]' will be removed. (OPT-1207)
Information: The register 'nkes0/u_PE12/delta_poly_reg[2]' will be removed. (OPT-1207)
Information: The register 'nkes0/u_PE12/delta_poly_reg[1]' will be removed. (OPT-1207)
Information: The register 'nkes0/u_PE12/delta_poly_reg[0]' will be removed. (OPT-1207)
Information: The register 'nkes0/u_PE12/theta_poly_reg[0]' will be removed. (OPT-1207)
Information: The register 'nkes0/u_PE12/theta_poly_reg[1]' will be removed. (OPT-1207)
Information: The register 'nkes0/u_PE12/theta_poly_reg[2]' will be removed. (OPT-1207)
Information: The register 'nkes0/u_PE12/theta_poly_reg[3]' will be removed. (OPT-1207)
Information: The register 'nkes0/u_PE12/theta_poly_reg[4]' will be removed. (OPT-1207)
Information: The register 'nkes0/u_PE12/theta_poly_reg[5]' will be removed. (OPT-1207)
Information: The register 'nkes0/u_PE12/theta_delay_reg[0]' will be removed. (OPT-1207)
Information: The register 'nkes0/u_PE12/delta_delay_reg[0]' will be removed. (OPT-1207)
Information: The register 'nkes0/u_PE12/theta_delay_reg[1]' will be removed. (OPT-1207)
Information: The register 'nkes0/u_PE12/delta_delay_reg[1]' will be removed. (OPT-1207)
Information: The register 'nkes0/u_PE12/theta_delay_reg[2]' will be removed. (OPT-1207)
Information: The register 'nkes0/u_PE12/delta_delay_reg[2]' will be removed. (OPT-1207)
Information: The register 'nkes0/u_PE12/theta_delay_reg[3]' will be removed. (OPT-1207)
Information: The register 'nkes0/u_PE12/delta_delay_reg[3]' will be removed. (OPT-1207)
Information: The register 'nkes0/u_PE12/theta_delay_reg[4]' will be removed. (OPT-1207)
Information: The register 'nkes0/u_PE12/delta_delay_reg[4]' will be removed. (OPT-1207)
Information: The register 'nkes0/u_PE12/theta_delay_reg[5]' will be removed. (OPT-1207)
Information: The register 'nkes0/u_PE12/delta_delay_reg[5]' will be removed. (OPT-1207)
Information: The register 'nkes0/u_PE11/delta_poly_reg[5]' will be removed. (OPT-1207)
Information: The register 'nkes0/u_PE11/delta_poly_reg[4]' will be removed. (OPT-1207)
Information: The register 'nkes0/u_PE11/delta_poly_reg[3]' will be removed. (OPT-1207)
Information: The register 'nkes0/u_PE11/delta_poly_reg[2]' will be removed. (OPT-1207)
Information: The register 'nkes0/u_PE11/delta_poly_reg[1]' will be removed. (OPT-1207)
Information: The register 'nkes0/u_PE11/delta_poly_reg[0]' will be removed. (OPT-1207)
Information: The register 'nkes0/u_PE11/theta_poly_reg[0]' will be removed. (OPT-1207)
Information: The register 'nkes0/u_PE11/theta_poly_reg[1]' will be removed. (OPT-1207)
Information: The register 'nkes0/u_PE11/theta_poly_reg[2]' will be removed. (OPT-1207)
Information: The register 'nkes0/u_PE11/theta_poly_reg[3]' will be removed. (OPT-1207)
Information: The register 'nkes0/u_PE11/theta_poly_reg[4]' will be removed. (OPT-1207)
Information: The register 'nkes0/u_PE11/theta_poly_reg[5]' will be removed. (OPT-1207)
Information: The register 'nkes0/u_PE11/theta_delay_reg[0]' will be removed. (OPT-1207)
Information: The register 'nkes0/u_PE11/delta_delay_reg[0]' will be removed. (OPT-1207)
Information: The register 'nkes0/u_PE11/theta_delay_reg[1]' will be removed. (OPT-1207)
Information: The register 'nkes0/u_PE11/delta_delay_reg[1]' will be removed. (OPT-1207)
Information: The register 'nkes0/u_PE11/theta_delay_reg[2]' will be removed. (OPT-1207)
Information: The register 'nkes0/u_PE11/delta_delay_reg[2]' will be removed. (OPT-1207)
Information: The register 'nkes0/u_PE11/theta_delay_reg[3]' will be removed. (OPT-1207)
Information: The register 'nkes0/u_PE11/delta_delay_reg[3]' will be removed. (OPT-1207)
Information: The register 'nkes0/u_PE11/theta_delay_reg[4]' will be removed. (OPT-1207)
Information: The register 'nkes0/u_PE11/delta_delay_reg[4]' will be removed. (OPT-1207)
Information: The register 'nkes0/u_PE11/theta_delay_reg[5]' will be removed. (OPT-1207)
Information: The register 'nkes0/u_PE11/delta_delay_reg[5]' will be removed. (OPT-1207)
Information: The register 'nkes0/u_PE10/delta_poly_reg[5]' will be removed. (OPT-1207)
Information: The register 'nkes0/u_PE10/delta_poly_reg[4]' will be removed. (OPT-1207)
Information: The register 'nkes0/u_PE10/delta_poly_reg[3]' will be removed. (OPT-1207)
Information: The register 'nkes0/u_PE10/delta_poly_reg[2]' will be removed. (OPT-1207)
Information: The register 'nkes0/u_PE10/delta_poly_reg[1]' will be removed. (OPT-1207)
Information: The register 'nkes0/u_PE10/delta_poly_reg[0]' will be removed. (OPT-1207)
Information: The register 'nkes0/u_PE10/theta_poly_reg[0]' will be removed. (OPT-1207)
Information: The register 'nkes0/u_PE10/theta_poly_reg[1]' will be removed. (OPT-1207)
Information: The register 'nkes0/u_PE10/theta_poly_reg[2]' will be removed. (OPT-1207)
Information: The register 'nkes0/u_PE10/theta_poly_reg[3]' will be removed. (OPT-1207)
Information: The register 'nkes0/u_PE10/theta_poly_reg[4]' will be removed. (OPT-1207)
Information: The register 'nkes0/u_PE10/theta_poly_reg[5]' will be removed. (OPT-1207)
Information: The register 'nkes0/u_PE10/theta_delay_reg[0]' will be removed. (OPT-1207)
Information: The register 'nkes0/u_PE10/delta_delay_reg[0]' will be removed. (OPT-1207)
Information: The register 'nkes0/u_PE10/theta_delay_reg[1]' will be removed. (OPT-1207)
Information: The register 'nkes0/u_PE10/delta_delay_reg[1]' will be removed. (OPT-1207)
Information: The register 'nkes0/u_PE10/theta_delay_reg[2]' will be removed. (OPT-1207)
Information: The register 'nkes0/u_PE10/delta_delay_reg[2]' will be removed. (OPT-1207)
Information: The register 'nkes0/u_PE10/theta_delay_reg[3]' will be removed. (OPT-1207)
Information: The register 'nkes0/u_PE10/delta_delay_reg[3]' will be removed. (OPT-1207)
Information: The register 'nkes0/u_PE10/theta_delay_reg[4]' will be removed. (OPT-1207)
Information: The register 'nkes0/u_PE10/delta_delay_reg[4]' will be removed. (OPT-1207)
Information: The register 'nkes0/u_PE10/theta_delay_reg[5]' will be removed. (OPT-1207)
Information: The register 'nkes0/u_PE10/delta_delay_reg[5]' will be removed. (OPT-1207)
Information: The register 'nkes0/u_state_buff/theta_buff_reg[0][0][0]' will be removed. (OPT-1207)
Information: The register 'nkes0/u_state_buff/theta_buff_reg[0][0][1]' will be removed. (OPT-1207)
Information: The register 'nkes0/u_state_buff/theta_buff_reg[0][0][2]' will be removed. (OPT-1207)
Information: The register 'nkes0/u_state_buff/theta_buff_reg[0][0][3]' will be removed. (OPT-1207)
Information: The register 'nkes0/u_state_buff/theta_buff_reg[0][0][4]' will be removed. (OPT-1207)
Information: The register 'nkes0/u_state_buff/theta_buff_reg[0][0][5]' will be removed. (OPT-1207)
Information: The register 'nkes0/u_state_buff/theta_buff_reg[0][1][0]' will be removed. (OPT-1207)
Information: The register 'nkes0/u_state_buff/theta_buff_reg[0][1][1]' will be removed. (OPT-1207)
Information: The register 'nkes0/u_state_buff/theta_buff_reg[0][1][2]' will be removed. (OPT-1207)
Information: The register 'nkes0/u_state_buff/theta_buff_reg[0][1][3]' will be removed. (OPT-1207)
Information: The register 'nkes0/u_state_buff/theta_buff_reg[0][1][4]' will be removed. (OPT-1207)
Information: The register 'nkes0/u_state_buff/theta_buff_reg[0][1][5]' will be removed. (OPT-1207)
Information: The register 'nkes0/u_state_buff/theta_buff_reg[1][0][0]' will be removed. (OPT-1207)
Information: The register 'nkes0/u_state_buff/theta_buff_reg[1][0][1]' will be removed. (OPT-1207)
Information: The register 'nkes0/u_state_buff/theta_buff_reg[1][0][2]' will be removed. (OPT-1207)
Information: The register 'nkes0/u_state_buff/theta_buff_reg[1][0][3]' will be removed. (OPT-1207)
Information: The register 'nkes0/u_state_buff/theta_buff_reg[1][0][4]' will be removed. (OPT-1207)
Information: The register 'nkes0/u_state_buff/theta_buff_reg[1][0][5]' will be removed. (OPT-1207)
Information: The register 'nkes0/u_state_buff/theta_buff_reg[1][1][0]' will be removed. (OPT-1207)
Information: The register 'nkes0/u_state_buff/theta_buff_reg[1][1][1]' will be removed. (OPT-1207)
Information: The register 'nkes0/u_state_buff/theta_buff_reg[1][1][2]' will be removed. (OPT-1207)
Information: The register 'nkes0/u_state_buff/theta_buff_reg[1][1][3]' will be removed. (OPT-1207)
Information: The register 'nkes0/u_state_buff/theta_buff_reg[1][1][4]' will be removed. (OPT-1207)
Information: The register 'nkes0/u_state_buff/theta_buff_reg[1][1][5]' will be removed. (OPT-1207)
Information: The register 'nkes0/u_state_buff/k_buff_reg[0][0]' will be removed. (OPT-1207)
Information: The register 'nkes0/u_state_buff/k_buff_reg[0][1]' will be removed. (OPT-1207)
Information: The register 'nkes0/u_state_buff/k_buff_reg[1][0]' will be removed. (OPT-1207)
Information: The register 'nkes0/u_state_buff/k_buff_reg[1][1]' will be removed. (OPT-1207)
Information: The register 'nkes0/u_state_buff/b_buff_reg[0][0][0]' will be removed. (OPT-1207)
Information: The register 'nkes0/u_state_buff/b_buff_reg[0][0][1]' will be removed. (OPT-1207)
Information: The register 'nkes0/u_state_buff/b_buff_reg[0][0][2]' will be removed. (OPT-1207)
Information: The register 'nkes0/u_state_buff/b_buff_reg[0][0][3]' will be removed. (OPT-1207)
Information: The register 'nkes0/u_state_buff/b_buff_reg[0][0][4]' will be removed. (OPT-1207)
Information: The register 'nkes0/u_state_buff/b_buff_reg[0][0][5]' will be removed. (OPT-1207)
Information: The register 'nkes0/u_state_buff/b_buff_reg[0][1][0]' will be removed. (OPT-1207)
Information: The register 'nkes0/u_state_buff/b_buff_reg[0][1][1]' will be removed. (OPT-1207)
Information: The register 'nkes0/u_state_buff/b_buff_reg[0][1][2]' will be removed. (OPT-1207)
Information: The register 'nkes0/u_state_buff/b_buff_reg[0][1][3]' will be removed. (OPT-1207)
Information: The register 'nkes0/u_state_buff/b_buff_reg[0][1][4]' will be removed. (OPT-1207)
Information: The register 'nkes0/u_state_buff/b_buff_reg[0][1][5]' will be removed. (OPT-1207)
Information: The register 'nkes0/u_state_buff/b_buff_reg[0][2][0]' will be removed. (OPT-1207)
Information: The register 'nkes0/u_state_buff/b_buff_reg[0][2][1]' will be removed. (OPT-1207)
Information: The register 'nkes0/u_state_buff/b_buff_reg[0][2][2]' will be removed. (OPT-1207)
Information: The register 'nkes0/u_state_buff/b_buff_reg[0][2][3]' will be removed. (OPT-1207)
Information: The register 'nkes0/u_state_buff/b_buff_reg[0][2][4]' will be removed. (OPT-1207)
Information: The register 'nkes0/u_state_buff/b_buff_reg[0][2][5]' will be removed. (OPT-1207)
Information: The register 'nkes0/u_state_buff/b_buff_reg[1][0][0]' will be removed. (OPT-1207)
Information: The register 'nkes0/u_state_buff/b_buff_reg[1][0][1]' will be removed. (OPT-1207)
Information: The register 'nkes0/u_state_buff/b_buff_reg[1][0][2]' will be removed. (OPT-1207)
Information: The register 'nkes0/u_state_buff/b_buff_reg[1][0][3]' will be removed. (OPT-1207)
Information: The register 'nkes0/u_state_buff/b_buff_reg[1][0][4]' will be removed. (OPT-1207)
Information: The register 'nkes0/u_state_buff/b_buff_reg[1][0][5]' will be removed. (OPT-1207)
Information: The register 'nkes0/u_state_buff/b_buff_reg[1][1][0]' will be removed. (OPT-1207)
Information: The register 'nkes0/u_state_buff/b_buff_reg[1][1][1]' will be removed. (OPT-1207)
Information: The register 'nkes0/u_state_buff/b_buff_reg[1][1][2]' will be removed. (OPT-1207)
Information: The register 'nkes0/u_state_buff/b_buff_reg[1][1][3]' will be removed. (OPT-1207)
Information: The register 'nkes0/u_state_buff/b_buff_reg[1][1][4]' will be removed. (OPT-1207)
Information: The register 'nkes0/u_state_buff/b_buff_reg[1][1][5]' will be removed. (OPT-1207)
Information: The register 'nkes0/u_state_buff/b_buff_reg[1][2][0]' will be removed. (OPT-1207)
Information: The register 'nkes0/u_state_buff/b_buff_reg[1][2][1]' will be removed. (OPT-1207)
Information: The register 'nkes0/u_state_buff/b_buff_reg[1][2][2]' will be removed. (OPT-1207)
Information: The register 'nkes0/u_state_buff/b_buff_reg[1][2][3]' will be removed. (OPT-1207)
Information: The register 'nkes0/u_state_buff/b_buff_reg[1][2][4]' will be removed. (OPT-1207)
Information: The register 'nkes0/u_state_buff/b_buff_reg[1][2][5]' will be removed. (OPT-1207)
Information: The register 'nkes0/u_state_buff/sigma_buff_reg[0][0][0]' will be removed. (OPT-1207)
Information: The register 'nkes0/u_state_buff/sigma_buff_reg[0][0][1]' will be removed. (OPT-1207)
Information: The register 'nkes0/u_state_buff/sigma_buff_reg[0][0][2]' will be removed. (OPT-1207)
Information: The register 'nkes0/u_state_buff/sigma_buff_reg[0][0][3]' will be removed. (OPT-1207)
Information: The register 'nkes0/u_state_buff/sigma_buff_reg[0][0][4]' will be removed. (OPT-1207)
Information: The register 'nkes0/u_state_buff/sigma_buff_reg[0][0][5]' will be removed. (OPT-1207)
Information: The register 'nkes0/u_state_buff/sigma_buff_reg[0][1][0]' will be removed. (OPT-1207)
Information: The register 'nkes0/u_state_buff/sigma_buff_reg[0][1][1]' will be removed. (OPT-1207)
Information: The register 'nkes0/u_state_buff/sigma_buff_reg[0][1][2]' will be removed. (OPT-1207)
Information: The register 'nkes0/u_state_buff/sigma_buff_reg[0][1][3]' will be removed. (OPT-1207)
Information: The register 'nkes0/u_state_buff/sigma_buff_reg[0][1][4]' will be removed. (OPT-1207)
Information: The register 'nkes0/u_state_buff/sigma_buff_reg[0][1][5]' will be removed. (OPT-1207)
Information: The register 'nkes0/u_state_buff/sigma_buff_reg[0][2][0]' will be removed. (OPT-1207)
Information: The register 'nkes0/u_state_buff/sigma_buff_reg[0][2][1]' will be removed. (OPT-1207)
Information: The register 'nkes0/u_state_buff/sigma_buff_reg[0][2][2]' will be removed. (OPT-1207)
Information: The register 'nkes0/u_state_buff/sigma_buff_reg[0][2][3]' will be removed. (OPT-1207)
Information: The register 'nkes0/u_state_buff/sigma_buff_reg[0][2][4]' will be removed. (OPT-1207)
Information: The register 'nkes0/u_state_buff/sigma_buff_reg[0][2][5]' will be removed. (OPT-1207)
Information: The register 'nkes0/u_state_buff/sigma_buff_reg[1][0][0]' will be removed. (OPT-1207)
Information: The register 'nkes0/u_state_buff/sigma_buff_reg[1][0][1]' will be removed. (OPT-1207)
Information: The register 'nkes0/u_state_buff/sigma_buff_reg[1][0][2]' will be removed. (OPT-1207)
Information: The register 'nkes0/u_state_buff/sigma_buff_reg[1][0][3]' will be removed. (OPT-1207)
Information: The register 'nkes0/u_state_buff/sigma_buff_reg[1][0][4]' will be removed. (OPT-1207)
Information: The register 'nkes0/u_state_buff/sigma_buff_reg[1][0][5]' will be removed. (OPT-1207)
Information: The register 'nkes0/u_state_buff/sigma_buff_reg[1][1][0]' will be removed. (OPT-1207)
Information: The register 'nkes0/u_state_buff/sigma_buff_reg[1][1][1]' will be removed. (OPT-1207)
Information: The register 'nkes0/u_state_buff/sigma_buff_reg[1][1][2]' will be removed. (OPT-1207)
Information: The register 'nkes0/u_state_buff/sigma_buff_reg[1][1][3]' will be removed. (OPT-1207)
Information: The register 'nkes0/u_state_buff/sigma_buff_reg[1][1][4]' will be removed. (OPT-1207)
Information: The register 'nkes0/u_state_buff/sigma_buff_reg[1][1][5]' will be removed. (OPT-1207)
Information: The register 'nkes0/u_state_buff/sigma_buff_reg[1][2][0]' will be removed. (OPT-1207)
Information: The register 'nkes0/u_state_buff/sigma_buff_reg[1][2][1]' will be removed. (OPT-1207)
Information: The register 'nkes0/u_state_buff/sigma_buff_reg[1][2][2]' will be removed. (OPT-1207)
Information: The register 'nkes0/u_state_buff/sigma_buff_reg[1][2][3]' will be removed. (OPT-1207)
Information: The register 'nkes0/u_state_buff/sigma_buff_reg[1][2][4]' will be removed. (OPT-1207)
Information: The register 'nkes0/u_state_buff/sigma_buff_reg[1][2][5]' will be removed. (OPT-1207)
Information: The register 'nkes0/u_state_buff/gamma_buff_reg[0][0]' will be removed. (OPT-1207)
Information: The register 'nkes0/u_state_buff/gamma_buff_reg[0][1]' will be removed. (OPT-1207)
Information: The register 'nkes0/u_state_buff/gamma_buff_reg[0][2]' will be removed. (OPT-1207)
Information: The register 'nkes0/u_state_buff/gamma_buff_reg[0][3]' will be removed. (OPT-1207)
Information: The register 'nkes0/u_state_buff/gamma_buff_reg[0][4]' will be removed. (OPT-1207)
Information: The register 'nkes0/u_state_buff/gamma_buff_reg[0][5]' will be removed. (OPT-1207)
Information: The register 'nkes0/u_state_buff/gamma_buff_reg[1][0]' will be removed. (OPT-1207)
Information: The register 'nkes0/u_state_buff/gamma_buff_reg[1][1]' will be removed. (OPT-1207)
Information: The register 'nkes0/u_state_buff/gamma_buff_reg[1][2]' will be removed. (OPT-1207)
Information: The register 'nkes0/u_state_buff/gamma_buff_reg[1][3]' will be removed. (OPT-1207)
Information: The register 'nkes0/u_state_buff/gamma_buff_reg[1][4]' will be removed. (OPT-1207)
Information: The register 'nkes0/u_state_buff/gamma_buff_reg[1][5]' will be removed. (OPT-1207)
Information: The register 'nkes0/u_state_buff/delta_buff_reg[0][0][0]' will be removed. (OPT-1207)
Information: The register 'nkes0/u_state_buff/delta_buff_reg[0][0][1]' will be removed. (OPT-1207)
Information: The register 'nkes0/u_state_buff/delta_buff_reg[0][0][2]' will be removed. (OPT-1207)
Information: The register 'nkes0/u_state_buff/delta_buff_reg[0][0][3]' will be removed. (OPT-1207)
Information: The register 'nkes0/u_state_buff/delta_buff_reg[0][0][4]' will be removed. (OPT-1207)
Information: The register 'nkes0/u_state_buff/delta_buff_reg[0][0][5]' will be removed. (OPT-1207)
Information: The register 'nkes0/u_state_buff/delta_buff_reg[0][1][0]' will be removed. (OPT-1207)
Information: The register 'nkes0/u_state_buff/delta_buff_reg[0][1][1]' will be removed. (OPT-1207)
Information: The register 'nkes0/u_state_buff/delta_buff_reg[0][1][2]' will be removed. (OPT-1207)
Information: The register 'nkes0/u_state_buff/delta_buff_reg[0][1][3]' will be removed. (OPT-1207)
Information: The register 'nkes0/u_state_buff/delta_buff_reg[0][1][4]' will be removed. (OPT-1207)
Information: The register 'nkes0/u_state_buff/delta_buff_reg[0][1][5]' will be removed. (OPT-1207)
Information: The register 'nkes0/u_state_buff/delta_buff_reg[1][0][0]' will be removed. (OPT-1207)
Information: The register 'nkes0/u_state_buff/delta_buff_reg[1][0][1]' will be removed. (OPT-1207)
Information: The register 'nkes0/u_state_buff/delta_buff_reg[1][0][2]' will be removed. (OPT-1207)
Information: The register 'nkes0/u_state_buff/delta_buff_reg[1][0][3]' will be removed. (OPT-1207)
Information: The register 'nkes0/u_state_buff/delta_buff_reg[1][0][4]' will be removed. (OPT-1207)
Information: The register 'nkes0/u_state_buff/delta_buff_reg[1][0][5]' will be removed. (OPT-1207)
Information: The register 'nkes0/u_state_buff/delta_buff_reg[1][1][0]' will be removed. (OPT-1207)
Information: The register 'nkes0/u_state_buff/delta_buff_reg[1][1][1]' will be removed. (OPT-1207)
Information: The register 'nkes0/u_state_buff/delta_buff_reg[1][1][2]' will be removed. (OPT-1207)
Information: The register 'nkes0/u_state_buff/delta_buff_reg[1][1][3]' will be removed. (OPT-1207)
Information: The register 'nkes0/u_state_buff/delta_buff_reg[1][1][4]' will be removed. (OPT-1207)
Information: The register 'nkes0/u_state_buff/delta_buff_reg[1][1][5]' will be removed. (OPT-1207)
Information: The register 'nkes0/u_ctrl/gamma_reg[5]' will be removed. (OPT-1207)
Information: The register 'nkes0/u_ctrl/gamma_reg[4]' will be removed. (OPT-1207)
Information: The register 'nkes0/u_ctrl/gamma_reg[3]' will be removed. (OPT-1207)
Information: The register 'nkes0/u_ctrl/gamma_reg[2]' will be removed. (OPT-1207)
Information: The register 'nkes0/u_ctrl/gamma_reg[1]' will be removed. (OPT-1207)
Information: The register 'nkes0/u_ctrl/gamma_reg[0]' will be removed. (OPT-1207)
Information: The register 'nkes0/u_ctrl/k_reg[3]' will be removed. (OPT-1207)
Information: The register 'nkes0/u_ctrl/k_reg[2]' will be removed. (OPT-1207)
Information: The register 'nkes0/u_ctrl/k_reg[1]' will be removed. (OPT-1207)
Information: The register 'nkes0/u_ctrl/k_reg[0]' will be removed. (OPT-1207)
Information: The register 'nkes0/u_ctrl/gamma_delay_reg[5]' will be removed. (OPT-1207)
Information: The register 'nkes0/u_ctrl/gamma_delay_reg[4]' will be removed. (OPT-1207)
Information: The register 'nkes0/u_ctrl/gamma_delay_reg[3]' will be removed. (OPT-1207)
Information: The register 'nkes0/u_ctrl/gamma_delay_reg[2]' will be removed. (OPT-1207)
Information: The register 'nkes0/u_ctrl/gamma_delay_reg[1]' will be removed. (OPT-1207)
Information: The register 'nkes0/u_ctrl/gamma_delay_reg[0]' will be removed. (OPT-1207)
Information: The register 'nkes0/u_ctrl/k_delay_reg[3]' will be removed. (OPT-1207)
Information: The register 'nkes0/u_ctrl/k_delay_reg[2]' will be removed. (OPT-1207)
Information: The register 'nkes0/u_ctrl/k_delay_reg[1]' will be removed. (OPT-1207)
Information: The register 'nkes0/u_ctrl/k_delay_reg[0]' will be removed. (OPT-1207)
Information: The register 'nkes0/u_ctrl/state_reg[3]' will be removed. (OPT-1207)
Information: The register 'nkes0/u_ctrl/state_reg[1]' will be removed. (OPT-1207)
Information: The register 'nkes0/u_ctrl/state_reg[2]' will be removed. (OPT-1207)
Information: The register 'nkes0/u_ctrl/state_reg[0]' will be removed. (OPT-1207)
Information: The register 'bm0/u_PE02/b_poly_reg[0]' will be removed. (OPT-1207)
Information: The register 'bm0/u_PE02/b_poly_reg[1]' will be removed. (OPT-1207)
Information: The register 'bm0/u_PE02/b_poly_reg[2]' will be removed. (OPT-1207)
Information: The register 'bm0/u_PE02/b_poly_reg[3]' will be removed. (OPT-1207)
Information: The register 'bm0/u_PE02/b_poly_reg[4]' will be removed. (OPT-1207)
Information: The register 'bm0/u_PE02/b_poly_reg[5]' will be removed. (OPT-1207)
Information: The register 'bm0/u_PE01/b_poly_reg[0]' will be removed. (OPT-1207)
Information: The register 'bm0/u_PE01/b_poly_reg[1]' will be removed. (OPT-1207)
Information: The register 'bm0/u_PE01/b_poly_reg[2]' will be removed. (OPT-1207)
Information: The register 'bm0/u_PE01/b_poly_reg[3]' will be removed. (OPT-1207)
Information: The register 'bm0/u_PE01/b_poly_reg[4]' will be removed. (OPT-1207)
Information: The register 'bm0/u_PE01/b_poly_reg[5]' will be removed. (OPT-1207)
Information: The register 'nkes0/gamma_time_reg[5]' will be removed. (OPT-1207)
Information: The register 'nkes0/gamma_time_reg[4]' will be removed. (OPT-1207)
Information: The register 'nkes0/gamma_time_reg[3]' will be removed. (OPT-1207)
Information: The register 'nkes0/gamma_time_reg[2]' will be removed. (OPT-1207)
Information: The register 'nkes0/gamma_time_reg[1]' will be removed. (OPT-1207)
Information: The register 'nkes0/gamma_time_reg[0]' will be removed. (OPT-1207)
Information: The register 'nkes0/dis_time_reg[5]' will be removed. (OPT-1207)
Information: The register 'nkes0/dis_time_reg[4]' will be removed. (OPT-1207)
Information: The register 'nkes0/dis_time_reg[3]' will be removed. (OPT-1207)
Information: The register 'nkes0/dis_time_reg[2]' will be removed. (OPT-1207)
Information: The register 'nkes0/dis_time_reg[1]' will be removed. (OPT-1207)
Information: The register 'nkes0/branch_time_reg' will be removed. (OPT-1207)
Information: The register 'nkes0/dis_time_reg[0]' will be removed. (OPT-1207)
Information: Removing unused design 'horner_a5_1'. (OPT-1055)
Information: Removing unused design 'horner_a7_1'. (OPT-1055)
Information: Removing unused design 'horner_a9_1'. (OPT-1055)
Information: Removing unused design 'horner_a11_1'. (OPT-1055)
Information: Removing unused design 'horner_a7_0'. (OPT-1055)
Information: Removing unused design 'horner_a11_0'. (OPT-1055)
Information: Removing unused design 'horner_a9_0'. (OPT-1055)
Information: Removing unused design 'horner_a5_0'. (OPT-1055)
Information: Removing unused design 'A_inv'. (OPT-1055)
Information: Removing unused design 'binary_mul_11'. (OPT-1055)
Information: Removing unused design 'reduction_table_11'. (OPT-1055)
Information: Removing unused design 'binary_mul_10'. (OPT-1055)
Information: Removing unused design 'reduction_table_10'. (OPT-1055)
Information: Removing unused design 'binary_mul_9'. (OPT-1055)
Information: Removing unused design 'reduction_table_9'. (OPT-1055)
Information: Removing unused design 'binary_mul_8'. (OPT-1055)
Information: Removing unused design 'reduction_table_8'. (OPT-1055)
Information: Removing unused design 'gf_mul_8'. (OPT-1055)
Information: Removing unused design 'gf_mul_9'. (OPT-1055)
Information: Removing unused design 'gf_mul_10'. (OPT-1055)
Information: Removing unused design 'gf_mul_11'. (OPT-1055)
Information: Removing unused design 'binary_mul_7'. (OPT-1055)
Information: Removing unused design 'reduction_table_7'. (OPT-1055)
Information: Removing unused design 'binary_mul_6'. (OPT-1055)
Information: Removing unused design 'reduction_table_6'. (OPT-1055)
Information: Removing unused design 'binary_mul_5'. (OPT-1055)
Information: Removing unused design 'reduction_table_5'. (OPT-1055)
Information: Removing unused design 'gf_mul_5'. (OPT-1055)
Information: Removing unused design 'gf_mul_6'. (OPT-1055)
Information: Removing unused design 'gf_mul_7'. (OPT-1055)
Information: Removing unused design 'binary_mul_15'. (OPT-1055)
Information: Removing unused design 'reduction_table_15'. (OPT-1055)
Information: Removing unused design 'binary_mul_14'. (OPT-1055)
Information: Removing unused design 'reduction_table_14'. (OPT-1055)
Information: Removing unused design 'binary_mul_13'. (OPT-1055)
Information: Removing unused design 'reduction_table_13'. (OPT-1055)
Information: Removing unused design 'binary_mul_12'. (OPT-1055)
Information: Removing unused design 'reduction_table_12'. (OPT-1055)
Information: Removing unused design 'gf_mul_12'. (OPT-1055)
Information: Removing unused design 'gf_mul_13'. (OPT-1055)
Information: Removing unused design 'gf_mul_14'. (OPT-1055)
Information: Removing unused design 'gf_mul_15'. (OPT-1055)
Information: Removing unused design 'binary_mul_19'. (OPT-1055)
Information: Removing unused design 'reduction_table_19'. (OPT-1055)
Information: Removing unused design 'binary_mul_17'. (OPT-1055)
Information: Removing unused design 'reduction_table_17'. (OPT-1055)
Information: Removing unused design 'binary_mul_16'. (OPT-1055)
Information: Removing unused design 'reduction_table_16'. (OPT-1055)
Information: Removing unused design 'binary_mul_18'. (OPT-1055)
Information: Removing unused design 'reduction_table_18'. (OPT-1055)
Information: Removing unused design 'gf_mul_18'. (OPT-1055)
Information: Removing unused design 'gf_mul_16'. (OPT-1055)
Information: Removing unused design 'gf_mul_17'. (OPT-1055)
Information: Removing unused design 'gf_mul_19'. (OPT-1055)
Information: Removing unused design 'binary_mul_23'. (OPT-1055)
Information: Removing unused design 'reduction_table_23'. (OPT-1055)
Information: Removing unused design 'binary_mul_22'. (OPT-1055)
Information: Removing unused design 'reduction_table_22'. (OPT-1055)
Information: Removing unused design 'binary_mul_21'. (OPT-1055)
Information: Removing unused design 'reduction_table_21'. (OPT-1055)
Information: Removing unused design 'gf_mul_21'. (OPT-1055)
Information: Removing unused design 'gf_mul_22'. (OPT-1055)
Information: Removing unused design 'gf_mul_23'. (OPT-1055)
Information: Removing unused design 'binary_mul_27'. (OPT-1055)
Information: Removing unused design 'reduction_table_27'. (OPT-1055)
Information: Removing unused design 'binary_mul_26'. (OPT-1055)
Information: Removing unused design 'reduction_table_26'. (OPT-1055)
Information: Removing unused design 'binary_mul_25'. (OPT-1055)
Information: Removing unused design 'reduction_table_25'. (OPT-1055)
Information: Removing unused design 'binary_mul_24'. (OPT-1055)
Information: Removing unused design 'reduction_table_24'. (OPT-1055)
Information: Removing unused design 'gf_mul_24'. (OPT-1055)
Information: Removing unused design 'gf_mul_25'. (OPT-1055)
Information: Removing unused design 'gf_mul_26'. (OPT-1055)
Information: Removing unused design 'gf_mul_27'. (OPT-1055)
Information: Removing unused design 'binary_mul_31'. (OPT-1055)
Information: Removing unused design 'reduction_table_31'. (OPT-1055)
Information: Removing unused design 'binary_mul_30'. (OPT-1055)
Information: Removing unused design 'reduction_table_30'. (OPT-1055)
Information: Removing unused design 'binary_mul_29'. (OPT-1055)
Information: Removing unused design 'reduction_table_29'. (OPT-1055)
Information: Removing unused design 'binary_mul_28'. (OPT-1055)
Information: Removing unused design 'reduction_table_28'. (OPT-1055)
Information: Removing unused design 'gf_mul_28'. (OPT-1055)
Information: Removing unused design 'gf_mul_29'. (OPT-1055)
Information: Removing unused design 'gf_mul_30'. (OPT-1055)
Information: Removing unused design 'gf_mul_31'. (OPT-1055)
Information: Removing unused design 'binary_mul_35'. (OPT-1055)
Information: Removing unused design 'reduction_table_35'. (OPT-1055)
Information: Removing unused design 'binary_mul_33'. (OPT-1055)
Information: Removing unused design 'reduction_table_33'. (OPT-1055)
Information: Removing unused design 'binary_mul_32'. (OPT-1055)
Information: Removing unused design 'reduction_table_32'. (OPT-1055)
Information: Removing unused design 'binary_mul_34'. (OPT-1055)
Information: Removing unused design 'reduction_table_34'. (OPT-1055)
Information: Removing unused design 'gf_mul_34'. (OPT-1055)
Information: Removing unused design 'gf_mul_32'. (OPT-1055)
Information: Removing unused design 'gf_mul_33'. (OPT-1055)
Information: Removing unused design 'gf_mul_35'. (OPT-1055)
Information: Removing unused design 'binary_mul_37'. (OPT-1055)
Information: Removing unused design 'reduction_table_37'. (OPT-1055)
Information: Removing unused design 'binary_mul_36'. (OPT-1055)
Information: Removing unused design 'reduction_table_36'. (OPT-1055)
Information: Removing unused design 'gf_mul_36'. (OPT-1055)
Information: Removing unused design 'gf_mul_37'. (OPT-1055)
Information: Removing unused design 'binary_mul_39'. (OPT-1055)
Information: Removing unused design 'reduction_table_39'. (OPT-1055)
Information: Removing unused design 'binary_mul_38'. (OPT-1055)
Information: Removing unused design 'reduction_table_38'. (OPT-1055)
Information: Removing unused design 'gf_mul_38'. (OPT-1055)
Information: Removing unused design 'gf_mul_39'. (OPT-1055)
Information: Removing unused design 'binary_mul_41'. (OPT-1055)
Information: Removing unused design 'reduction_table_41'. (OPT-1055)
Information: Removing unused design 'binary_mul_40'. (OPT-1055)
Information: Removing unused design 'reduction_table_40'. (OPT-1055)
Information: Removing unused design 'gf_mul_40'. (OPT-1055)
Information: Removing unused design 'gf_mul_41'. (OPT-1055)
Information: Removing unused design 'binary_mul_43'. (OPT-1055)
Information: Removing unused design 'reduction_table_43'. (OPT-1055)
Information: Removing unused design 'binary_mul_42'. (OPT-1055)
Information: Removing unused design 'reduction_table_42'. (OPT-1055)
Information: Removing unused design 'gf_mul_42'. (OPT-1055)
Information: Removing unused design 'gf_mul_43'. (OPT-1055)
Information: Removing unused design 'reduction_table_44'. (OPT-1055)
Information: Removing unused design 'binary_mul_44'. (OPT-1055)
Information: Removing unused design 'binary_mul_49'. (OPT-1055)
Information: Removing unused design 'reduction_table_49'. (OPT-1055)
Information: Removing unused design 'binary_mul_48'. (OPT-1055)
Information: Removing unused design 'reduction_table_48'. (OPT-1055)
Information: Removing unused design 'binary_mul_47'. (OPT-1055)
Information: Removing unused design 'reduction_table_47'. (OPT-1055)
Information: Removing unused design 'binary_mul_46'. (OPT-1055)
Information: Removing unused design 'reduction_table_46'. (OPT-1055)
Information: Removing unused design 'binary_mul_45'. (OPT-1055)
Information: Removing unused design 'reduction_table_45'. (OPT-1055)
Information: Removing unused design 'gf_mul_45'. (OPT-1055)
Information: Removing unused design 'gf_mul_46'. (OPT-1055)
Information: Removing unused design 'gf_mul_47'. (OPT-1055)
Information: Removing unused design 'gf_mul_48'. (OPT-1055)
Information: Removing unused design 'gf_mul_49'. (OPT-1055)
Information: Removing unused design 'gf_mul_44'. (OPT-1055)
Information: Removing unused design 'precompute_unit'. (OPT-1055)
Information: Added key list 'DesignWare' to design 'NKES'. (DDB-72)
Information: Removing unused design 'NKES_ctrl'. (OPT-1055)
Information: Removing unused design 'state_buff'. (OPT-1055)
Information: Removing unused design 'syndrome_buff'. (OPT-1055)
Information: Removing unused design 'NKES_PE1_3'. (OPT-1055)
Information: Removing unused design 'NKES_PE1_2'. (OPT-1055)
Information: Removing unused design 'NKES_PE1_1'. (OPT-1055)
Information: Removing unused design 'NKES_PE1_0'. (OPT-1055)
Information: Removing unused design 'NKES_PE0_7'. (OPT-1055)
Information: Removing unused design 'NKES_PE0_6'. (OPT-1055)
Information: Removing unused design 'NKES_PE0_5'. (OPT-1055)
Information: Removing unused design 'NKES_PE0_4'. (OPT-1055)
Information: Removing unused design 'NKES_PE0_3'. (OPT-1055)
Information: Removing unused design 'NKES_PE0_2'. (OPT-1055)
Information: Removing unused design 'NKES_PE0_0'. (OPT-1055)
Information: Removing unused design 'NKES_PE0_1'. (OPT-1055)
Information: Removing unused design 'binary_mul_51'. (OPT-1055)
Information: Removing unused design 'reduction_table_51'. (OPT-1055)
Information: Removing unused design 'gf_mul_51'. (OPT-1055)
Information: Removing unused design 'binary_mul_58'. (OPT-1055)
Information: Removing unused design 'reduction_table_58'. (OPT-1055)
Information: Removing unused design 'gf_mul_58'. (OPT-1055)
Information: Added key list 'DesignWare' to design 'CHIP'. (DDB-72)
Information: Removing unused design 'NKES'. (OPT-1055)
Information: The register 'cs0/sigma_rec_reg[6][5]' is a constant and will be removed. (OPT-1206)
Information: The register 'cs0/sigma_rec_reg[6][4]' is a constant and will be removed. (OPT-1206)
Information: The register 'cs0/sigma_rec_reg[6][3]' is a constant and will be removed. (OPT-1206)
Information: The register 'cs0/sigma_rec_reg[6][2]' is a constant and will be removed. (OPT-1206)
Information: The register 'cs0/sigma_rec_reg[6][1]' is a constant and will be removed. (OPT-1206)
Information: The register 'cs0/sigma_rec_reg[6][0]' is a constant and will be removed. (OPT-1206)
Information: The register 'cs0/sigma_rec_reg[5][5]' is a constant and will be removed. (OPT-1206)
Information: The register 'cs0/sigma_rec_reg[5][4]' is a constant and will be removed. (OPT-1206)
Information: The register 'cs0/sigma_rec_reg[5][3]' is a constant and will be removed. (OPT-1206)
Information: The register 'cs0/sigma_rec_reg[5][2]' is a constant and will be removed. (OPT-1206)
Information: The register 'cs0/sigma_rec_reg[5][1]' is a constant and will be removed. (OPT-1206)
Information: The register 'cs0/sigma_rec_reg[5][0]' is a constant and will be removed. (OPT-1206)
Information: The register 'cs0/sigma_rec_reg[4][5]' is a constant and will be removed. (OPT-1206)
Information: The register 'cs0/sigma_rec_reg[4][4]' is a constant and will be removed. (OPT-1206)
Information: The register 'cs0/sigma_rec_reg[4][3]' is a constant and will be removed. (OPT-1206)
Information: The register 'cs0/sigma_rec_reg[4][2]' is a constant and will be removed. (OPT-1206)
Information: The register 'cs0/sigma_rec_reg[4][1]' is a constant and will be removed. (OPT-1206)
Information: The register 'cs0/sigma_rec_reg[4][0]' is a constant and will be removed. (OPT-1206)
Information: The register 'cs0/sigma_rec_reg[3][5]' is a constant and will be removed. (OPT-1206)
Information: The register 'cs0/sigma_rec_reg[3][4]' is a constant and will be removed. (OPT-1206)
Information: The register 'cs0/sigma_rec_reg[3][3]' is a constant and will be removed. (OPT-1206)
Information: The register 'cs0/sigma_rec_reg[3][2]' is a constant and will be removed. (OPT-1206)
Information: The register 'cs0/sigma_rec_reg[3][1]' is a constant and will be removed. (OPT-1206)
Information: The register 'cs0/sigma_rec_reg[3][0]' is a constant and will be removed. (OPT-1206)
Information: The register 'cs0/cc0/degree_rec_reg[2]' is a constant and will be removed. (OPT-1206)

  Beginning Mapping Optimizations  (Ultra High effort)
  -------------------------------
  Mapping Optimization (Phase 1)

                                  TOTAL                                                            
   ELAPSED            WORST NEG   SETUP    DESIGN                              LEAKAGE   MIN DELAY 
    TIME      AREA      SLACK     COST    RULE COST         ENDPOINT            POWER      COST    
  --------- --------- --------- --------- --------- ------------------------- --------- -----------
    0:00:45  159552.3      0.01       0.0   57380.2                           610001.2500      0.00  
    0:00:45  159496.0      0.01       0.0   57380.2                           609792.3750      0.00  

  Beginning Constant Register Removal
  -----------------------------------

  Beginning Global Optimizations
  ------------------------------
  Numerical Synthesis (Phase 1)
  Numerical Synthesis (Phase 2)
  Global Optimization (Phase 1)
  Global Optimization (Phase 2)
  Global Optimization (Phase 3)
  Global Optimization (Phase 4)
  Global Optimization (Phase 5)
  Global Optimization (Phase 6)
  Global Optimization (Phase 7)
  Global Optimization (Phase 8)
  Global Optimization (Phase 9)
  Global Optimization (Phase 10)
  Global Optimization (Phase 11)
  Global Optimization (Phase 12)
  Global Optimization (Phase 13)
  Global Optimization (Phase 14)
  Global Optimization (Phase 15)
  Global Optimization (Phase 16)
  Global Optimization (Phase 17)
  Global Optimization (Phase 18)
  Global Optimization (Phase 19)
  Global Optimization (Phase 20)
  Global Optimization (Phase 21)
  Global Optimization (Phase 22)
  Global Optimization (Phase 23)
  Global Optimization (Phase 24)
  Global Optimization (Phase 25)
  Global Optimization (Phase 26)
  Global Optimization (Phase 27)
  Global Optimization (Phase 28)
  Global Optimization (Phase 29)
  Global Optimization (Phase 30)
Warning: A non-unate path in clock network for clock 'clk' from pin 'hsu0/nsu_inst/U7/O' is detected. (TIM-052)

  Beginning Isolate Ports
  -----------------------

  Beginning Delay Optimization
  ----------------------------
    0:00:48  128429.3      0.00       0.0   46871.3                           429830.7500      0.00  
    0:00:48  128429.3      0.00       0.0   46871.3                           429830.7500      0.00  
    0:00:48  128429.3      0.00       0.0   46871.3                           429830.7500      0.00  
    0:00:48  128429.3      0.00       0.0   46871.3                           429830.7500      0.00  
    0:00:49  128213.7      0.00       0.0   46871.3                           429830.5312      0.00  
    0:00:49  128201.2      0.00       0.0   46871.3                           429785.5312      0.00  

  Beginning WLM Backend Optimization
  --------------------------------------
    0:00:50  127273.1      0.00       0.0   46860.6                           423464.2188      0.00  
    0:00:50  127273.1      0.00       0.0   46860.6                           423464.2188      0.00  
    0:00:50  127273.1      0.00       0.0   46860.6                           423464.2188      0.00  
    0:00:50  127273.1      0.00       0.0   46860.6                           423464.2188      0.00  
    0:00:50  127273.1      0.00       0.0   46860.6                           423464.2188      0.00  
    0:00:50  127260.6      0.00       0.0   46860.6                           423403.2812      0.00  
    0:00:50  127260.6      0.00       0.0   46860.6                           423403.2812      0.00  
    0:00:50  127260.6      0.00       0.0   46860.6                           423403.2812      0.00  
    0:00:50  127260.6      0.00       0.0   46860.6                           423403.2812      0.00  
    0:00:50  127260.6      0.00       0.0   46860.6                           423403.2812      0.00  
    0:00:50  127260.6      0.00       0.0   46860.6                           423403.2812      0.00  


  Beginning Design Rule Fixing  (max_transition)  (max_capacitance)
  ----------------------------

                                  TOTAL                                                            
   ELAPSED            WORST NEG   SETUP    DESIGN                              LEAKAGE   MIN DELAY 
    TIME      AREA      SLACK     COST    RULE COST         ENDPOINT            POWER      COST    
  --------- --------- --------- --------- --------- ------------------------- --------- -----------
    0:00:50  127260.6      0.00       0.0   46860.6                           423403.2812      0.00  
  Global Optimization (Phase 31)
  Global Optimization (Phase 32)
  Global Optimization (Phase 33)
    0:00:51  128201.2      0.00       0.0   28286.1                           428729.6875      0.00  
    0:00:51  127748.1      0.00       0.0   28286.0                           426254.6562      0.00  
    0:00:51  127748.1      0.00       0.0   28286.0                           426254.6562      0.00  
    0:00:51  127748.1      0.00       0.0   28286.0                           426254.6562      0.00  
    0:00:51  127748.1      0.00       0.0   28286.0                           426254.6562      0.00  
    0:00:51  127748.1      0.00       0.0   28286.0                           426254.6562      0.00  
    0:00:51  127748.1      0.00       0.0   28286.0                           426254.6562      0.00  

                                  TOTAL                                                            
   ELAPSED            WORST NEG   SETUP    DESIGN                              LEAKAGE   MIN DELAY 
    TIME      AREA      SLACK     COST    RULE COST         ENDPOINT            POWER      COST    
  --------- --------- --------- --------- --------- ------------------------- --------- -----------
    0:00:51  127457.5      0.00       0.0   28286.0                           426254.3438      0.00  
    0:00:52  127448.1      0.00       0.0   28341.8                           425020.8750      0.00  
    0:00:52  127448.1      0.00       0.0   28341.8                           425020.8750      0.00  
    0:00:53  127448.1      0.00       0.0   28341.8                           425020.8750      0.00  
    0:00:53  127323.1      0.00       0.0   28285.9                           424422.3750      0.00  
    0:00:53  127323.1      0.00       0.0   28285.9                           424422.3750      0.00  
    0:00:53  127323.1      0.00       0.0   28285.9                           424422.3750      0.00  
    0:00:53  127323.1      0.00       0.0   28285.9                           424422.3750      0.00  
    0:00:53  127323.1      0.00       0.0   28285.9                           424422.3750      0.00  
    0:00:54  127323.1      0.00       0.0   28285.9                           424422.3750      0.00  
    0:00:54  127323.1      0.00       0.0   28285.9                           424422.3750      0.00  
    0:00:54  127313.7      0.00       0.0   28285.9                           424378.8125      0.00  
CPU Load: 0%, Ram Free: 351 GB, Swap Free: 3 GB, Work Disk Free: 98842 GB, Tmp Disk Free: 50 GB
Loading db file '/home/justin.yi/ICDLAB/ICDLAB_Final_Project/02_SYN/fsa0m_a_generic_core_tt1p8v25c.db'
Loading db file '/home/justin.yi/ICDLAB/ICDLAB_Final_Project/02_SYN/fsa0m_a_generic_core_ss1p62v125c.db'
Loading db file '/home/justin.yi/ICDLAB/ICDLAB_Final_Project/02_SYN/fsa0m_a_generic_core_ff1p98vm40c.db'
Loading db file '/home/justin.yi/ICDLAB/ICDLAB_Final_Project/02_SYN/fsa0m_a_t33_generic_io_tt1p8v25c.db'
Loading db file '/home/justin.yi/ICDLAB/ICDLAB_Final_Project/02_SYN/fsa0m_a_t33_generic_io_ss1p62v125c.db'
Loading db file '/home/justin.yi/ICDLAB/ICDLAB_Final_Project/02_SYN/fsa0m_a_t33_generic_io_ff1p98vm40c.db'


Note: Symbol # after min delay cost means estimated hold TNS across all active scenarios 


  Optimization Complete
  ---------------------
  Loading target library 'fsa0m_a_generic_core_ss1p62v125c'
  Loading target library 'fsa0m_a_generic_core_ff1p98vm40c'
  Loading target library 'fsa0m_a_t33_generic_io_tt1p8v25c'
  Loading target library 'fsa0m_a_t33_generic_io_ss1p62v125c'
  Loading target library 'fsa0m_a_t33_generic_io_ff1p98vm40c'
Information: State dependent leakage is now switched from off to on.
Information: Propagating switching activity (low effort zero delay simulation). (PWR-6)
CPU Load: 1%, Ram Free: 351 GB, Swap Free: 3 GB, Work Disk Free: 98842 GB, Tmp Disk Free: 50 GB
Information: Total number of MV cells in the design.
----------------------------------------------------------------------------------------------------
 MV Cells                                           Total Number                                   
----------------------------------------------------------------------------------------------------
 Level Shifter:                                     0                                             
 Enable Level Shifter:                              0                                             
 Isolation Cell:                                    0                                             
 Retention Cell:                                    0                                             
 Retention Clamp Cell:                              0                                             
 Switch Cell:                                       0                                             
 Always-On Cell:                                    0                                             
 Repeater Cell:                                     0                                             

----------------------------------------------------------------------------------------------------
Unmapped MV Cells 
----------------------------------------------------------------------------------------------------
0 Isolation Cells are unmapped 
0 Retention Clamp Cells are unmapped 
----------------------------------------------------------------------------------------------------
1
# Analyze and debug the design
report_area -hierarchy > area_${DESIGN}.out
report_power > power_${DESIGN}.out
report_timing -path full -delay max > timing_${DESIGN}.out
#write -format db -hierarchy -output $active_design.db
write -format verilog -hierarchy -output ${DESIGN}_syn.v
Writing verilog file '/home/justin.yi/ICDLAB/ICDLAB_Final_Project/02_SYN/CHIP_syn.v'.
Warning: Verilog writer has added 3 nets to module syndrome using SYNOPSYS_UNCONNECTED_ as prefix.  Please use the change_names command to make the correct changes before invoking the verilog writer.  (VO-11)
Warning: Verilog 'assign' or 'tran' statements are written out. (VO-4)
Warning: Verilog writer has added 5 nets to module gf_mul_56 using SYNOPSYS_UNCONNECTED_ as prefix.  Please use the change_names command to make the correct changes before invoking the verilog writer.  (VO-11)
Warning: Verilog writer has added 732 nets to module sigmaV using SYNOPSYS_UNCONNECTED_ as prefix.  Please use the change_names command to make the correct changes before invoking the verilog writer.  (VO-11)
Warning: Verilog writer has added 35 nets to module chien_search using SYNOPSYS_UNCONNECTED_ as prefix.  Please use the change_names command to make the correct changes before invoking the verilog writer.  (VO-11)
Warning: Verilog writer has added 5 nets to module CHIP using SYNOPSYS_UNCONNECTED_ as prefix.  Please use the change_names command to make the correct changes before invoking the verilog writer.  (VO-11)
1
write_sdf -version 2.1 -context verilog ${DESIGN}.sdf
Information: Annotated 'cell' delays are assumed to include load delay. (UID-282)
Information: Writing timing information to file '/home/justin.yi/ICDLAB/ICDLAB_Final_Project/02_SYN/CHIP.sdf'. (WT-3)
Information: Updating design information... (UID-85)
1
write_sdc ${DESIGN}.sdc
1
exit

Memory usage for this session 545 Mbytes.
Memory usage for this session including child processes 561 Mbytes.
CPU usage for this session 61 seconds ( 0.02 hours ).
Elapsed time for this session 64 seconds ( 0.02 hours ).

Thank you...
